:020000040800F2
:1000000000CF002031030008A1540008754A000801
:100010009D540008E5090008718C000800000000EC
:100020000000000000000000000000007102000855
:10003000FB0B000800000000CD020008BD5B0008BB
:100040004B0300084B0300084B0300084B03000858
:100050004B0300084B030008FD0B00084B0300088E
:100060004B0300084B030008070C00084B03000873
:10007000BD0A00084B0300084B0300084B030008AF
:100080004B0300084B0300084B0300084B03000818
:10009000E9090008F90900084B030008110C0008E1
:1000A0004B0300084B0300084B0300084B030008F8
:1000B000B95C00084B0300084B0300084B03000821
:1000C0004B0300084B0300084B0300084B030008D8
:1000D0004B030008FD6300084B0300084B030008B6
:1000E0004B0300084B0300084B0300084B030008B8
:1000F0004B0300084B0300084B0300084B030008A8
:100100004B0300084B0300084B0300084B03000897
:100110004B0300084B0300084B0300084B03000887
:100120004B030008CD0A00084B030008DD0A000855
:100130004B0300084B0300084B0300084B03000867
:10014000090A0008190A00084B030008E9570008CB
:10015000ED0A0008FD0A00080D0B00084B0300081B
:100160004B0300084B0300084B0300084B03000837
:100170004B0300084B0300084B030008000000007D
:100180004B0300084B03000800F002F800F060F891
:100190000AA090E8000C82448344AAF10107DA45E2
:1001A00001D100F055F8AFF2090EBAE80F0013F0D4
:1001B000010F18BFFB1A43F001031847389F0000D6
:1001C000589F00000A444FF0000C10F8013B13F058
:1001D000070408BF10F8014B1D1108BF10F8015BA0
:1001E000641E05D010F8016B641E01F8016BF9D193
:1001F00013F0080F1EBF10F8014BAD1C0C1B09D1EA
:100200006D1E58BF01F801CBFAD505E014F8016B5B
:1002100001F8016B6D1EF9D59142D6D370470000ED
:100220000023002400250026103A28BF78C1FBD8FF
:10023000520728BF30C148BF0B6070471FB509F097
:10024000ADFE9DE8030000F03FFA1FBD10B510BDE4
:1002500000F096FA1146FFF7F1FF08F0CDFD00F02F
:10026000B4FA03B4FFF7F2FF03BC00F0E5FA0000B4
:100270002C4B19680868B0E8F04F80F30988BFF389
:100280006F8F4FF0000080F311887047000000006E
:1002900008480068006880F308884FF0000080F389
:1002A000148862B661B6BFF34F8FBFF36F8F00DF64
:1002B00000BF00BF08ED00E0DFF80C00016841F46A
:1002C00070010160704700BF88ED00E0EFF3098026
:1002D000BFF36F8F134B1A681EF0100F08BF20ED8D
:1002E000108A20E9F04F106009B44FF0500080F3FD
:1002F0001188BFF34F8FBFF36F8F09F09FFB4FF053
:10030000000080F3118809BC19680868B0E8F04F54
:100310001EF0100F08BFB0EC108A80F30988BFF3FD
:100320006F8F70479C000020EFF30580704700003E
:100330000948804709480047FEE7FEE7FEE7FEE779
:10034000FEE7FEE7FEE7FEE7FEE7FEE704480549B5
:10035000054A064B70470000A55C000889010008AB
:10036000008F002000CF002000AF002000AF002051
:1003700070B5064600F08CF9056806F10B0020F018
:100380000704B4429CBF002070BD2B466A68BAB116
:100390001068A04210D304F1080188423CBF5068A5
:1003A000586007D35168101941601168091B01603A
:1003B00058601460101D70BD13465268002AE7D1C2
:1003C0002146284600F06CF90028DED170BD70B5DA
:1003D0000446051F00F05CF90068002C14BF446857
:1003E00070BD002C18BFAC423CBF20466468F8D3F7
:1003F00001680A18AA4218BF456003D12A68054659
:100400001144016028684119A1421CBF6C6070BD95
:100410006168696021680844286070BD53EA020C75
:1004200000F069802DE9F04B4FF00006002B1FBF54
:10043000B3FA83F503FA05F424FA05F65E4012BF19
:100440001643B2FA82F502FA05F4C5F120051EBF83
:1004500022FA05FC44EA0C04203556EA044C4FEA23
:10046000144418BF641C4FF000084FF0000990427C
:1004700071EB030C39D3002919BFB1FA81F701FAE6
:1004800007F6B0FA80F700FA07F6C7F120071EBF9B
:1004900020FA07FC46EA0C062037B6FBF4FCA7EB73
:1004A0000507103F07F01F0BCBF120060CFA0BFBE2
:1004B0002CFA06F644BFB3460026202FA4BF5E46A2
:1004C0004FF0000B5BEA060C08BF4FF0010B19EB75
:1004D0000B09ABFB027C48EB0608C01B06FB02CCF9
:1004E0000BFB03CC71EB0C01C1E70B460246414606
:1004F0004846BDE8F08B13B54FF000004FF0000107
:10050000AFF30080BDE81C407047032A40F2308002
:1005100010F0030C00F0158011F8013BBCF1020F44
:10052000624498BF11F801CB00F8013B38BF11F8C5
:10053000013BA2F1040298BF00F801CB38BF00F8DC
:10054000013B11F0030300F02580083AC0F0088059
:1005500051F8043B083A51F804CBA0E80810F5E73D
:10056000121D5CBF51F8043B40F8043BAFF3008020
:10057000D20724BF11F8013B11F801CB48BF11F895
:10058000012B24BF00F8013B00F801CB48BF00F865
:10059000012B704710B5203AC0F00B80B1E818501D
:1005A000203AA0E81850B1E81850A0E81850BFF45D
:1005B000F5AF5FEA027C24BFB1E81850A0E81850FC
:1005C00044BF18C918C0BDE810405FEA827C24BF50
:1005D00051F8043B40F8043B08BF7047D20728BFDE
:1005E00031F8023B48BF11F8012B28BF20F8023B2D
:1005F00048BF00F8012B70474FF000020429C0F0FB
:10060000128010F0030C00F01B80CCF1040CBCF144
:10061000020F18BF00F8012BA8BF20F8022BA1EB96
:100620000C0100F00DB85FEAC17C24BF00F8012B7B
:1006300000F8012B48BF00F8012B70474FF0000273
:1006400000B5134694469646203922BFA0E80C50C8
:10065000A0E80C50B1F12001BFF4F7AF090728BFA3
:10066000A0E80C5048BF0CC05DF804EB890028BF1F
:1006700040F8042B08BF704748BF20F8022B11F048
:10068000804F18BF00F8012B7047704770477047C4
:1006900000487047A48E002070477047704770472D
:1006A00038B504460A4600206946AFF300800028AA
:1006B00008BF38BD02460099204600F03FF80120EF
:1006C00038BD012000F054B8F8B5AFF300800546FE
:1006D00000200C46102000BF0646A819A0420DD9E4
:1006E000324669460020AFF30080070008BF00F0E3
:1006F0003FF80098A04218BF0546C419FFF7C8FF8D
:1007000005600746F01D20F007004619284600F056
:100710000AF8B44208BFF8BDA21B31463868BDE8EC
:10072000F84000F00BB800210160C0E901107047EB
:1007300010207047004870479C8E00200346406898
:100740008C46002818BF88423CBF03464068F8D357
:1007500018681844884207D00CF1030020F0070005
:10076000001D411A521A0146081D0A60FFF72FBEEC
:1007700010B500F039F8BDE8104000F02FB8704710
:100780007546FFF7D7FFAE4605006946534620F091
:100790000700854618B020B5FFF7D8FDBDE820401A
:1007A0004FF000064FF000074FF000084FF0000B2D
:1007B00021F00701AC46ACE8C009ACE8C009ACE8E0
:1007C000C009ACE8C0098D46704710B50446AFF3C8
:1007D00000802046BDE81040FFF743BD002801D04F
:1007E00000F02AB87047000010B5012805D000219C
:1007F00003A000F027F8012010BD09A1F8E70000D0
:1008000053494752544D454D3A204F7574206F66F9
:100810002068656170206D656D6F72790000000061
:100820003A2048656170206D656D6F727920636F45
:10083000727275707465640001491820ABBEFEE7E2
:100840002600020070B505460C460A2000E06D1C2B
:1008500000F011F835B128780028F8D102E0641CC6
:1008600000F009F814B120780028F8D1BDE87040F4
:100870000A20AFF3008008B569468DF80000032018
:10088000ABBE08BD55494A6822F440324A604A6806
:1008900043681A434A600268526822F4807203680F
:1008A0005A6002685368026943EA022203685A6088
:1008B0000268526822F0407203685A600268526807
:1008C00083681A4303685A600268926822F40062DF
:1008D00003689A6002689268C3681A4303689A6062
:1008E0003F4B826A9A4218D00268926822F0706286
:1008F00003689A6002689268836A1A4303689A6080
:100900000268926822F0405203689A600268926816
:10091000C36A1A4303689A600BE00268926822F087
:10092000706203689A600268926822F0405203681D
:100930009A600268926822F0020203689A60026874
:100940009368027E43EA420203689A602022125CA6
:10095000A2B10268526842F4006203685A600268F9
:10096000526822F4604203685A6002685368426A1F
:10097000521E43EA423203685A6005E00268526838
:1009800022F4006203685A600268D26A22F470029C
:100990000368DA620268D36A828B521E43EA02520B
:1009A0000368DA620268926822F4007203689A604F
:1009B0000268936890F8302043EA422203689A6004
:1009C0000268926822F4806203689A600268936801
:1009D000426943EA822203689A607047002301401B
:1009E0000100000F00BFFEE710B5024800F05BFCFD
:1009F00010BD00003004002010B5024800F053FC88
:100A000010BD00003004002010B5024800F04BFC7F
:100A100010BD00005804002010B5024800F043FC4F
:100A200010BD0000580400200346042B15D007DC3D
:100A30007BB1012B0ED0022B0DD0032B12D10BE07A
:100A4000202B0BD0212B0AD0222B09D0232B09D10C
:100A500007E008E007E006E005E004E003E002E06C
:100A600001E000E000BF00BF002070470020704799
:100A700010B500220449054805F061FF0449034808
:100A800005F04EFF002010BD34170020580A00204A
:100A9000340F002070B504460D462146034805F08A
:100AA0003FFF024805F008FF002070BD580A0020F3
:100AB00010B503460C460021084610BD10B502488B
:100AC00001F006F810BD0000F008002010B5024843
:100AD00000F0FEFF10BD00005009002010B50248D4
:100AE00000F0F6FF10BD00004805002010B50248D8
:100AF00000F0EEFF10BD00003008002010B50248E5
:100B000000F0E6FF10BD0000B009002010B502485B
:100B100000F0DEFF10BD00009008002001460878BC
:100B200010381823B0FBF3F20848805CC865032A2C
:100B300005D908686FF30900001D886503E008689F
:100B40006FF309008865886D704700006CA000088D
:100B5000014600208A6A8B69CBB932B1012A0DD0D7
:100B6000022A03D0032A10D10EE000BFCB6A03F0A3
:100B70008073B3F1807F00D1012007E0CB6AB3F12D
:100B8000C07F00D1012001E000E000BF34E08B69AC
:100B9000B3F5005F1AD132B1012A07D0022A03D07F
:100BA000032A11D10AE000BF01200EE0CB6A03F056
:100BB0008073B3F1807F00D1012006E0CB6AB3F1EE
:100BC000C07F00D1012000E000BF15E032B1012A52
:100BD00005D0022A04D0032A0CD103E000BF00BFD5
:100BE000012008E0CB6A03F08073B3F1807F00D16D
:100BF000012000E000BF00BF7047704710B5012022
:100C000001F012F910BD10B5102001F00DF910BD62
:100C100010B5202001F008F910BD72B600BFFEE744
:100C200070B50A480468001D0568001D0668344454
:100C300054B108220649204603F024FF0422044947
:100C40001031284603F01EFF70BD0000107AFF1F10
:100C50005E00002038B502460020009000BF92F8E8
:100C60003C00012801D1022038BD012082F83C005F
:100C700000BF0868092816D91068C0680C780A3CBB
:100C800004EB44050724AC40A0431468E0600C78F2
:100C90000A3C04EB44048868A0401468E4682043DC
:100CA0001468E06013E0106800690C7804EB4405F8
:100CB0000724AC40A043146820610C7804EB440482
:100CC0008868A0401468246920431468206148683B
:100CD000072817D21068406B0C79641E04EB84055A
:100CE0001F24AC40A04314686063088880B20C796C
:100CF000641E04EB8404A0401468646B20431468F1
:100D0000606331E048680D2817D21068006B0C79D9
:100D1000E41F04EB84051F24AC40A0431468206347
:100D2000088880B20C79E41F04EB8404A0401468A6
:100D3000246B20431468206316E01068C06A0C79A5
:100D40000D3C04EB84051F24AC40A0431468E06212
:100D5000088880B20C790D3C04EB8404A040146830
:100D6000E46A20431468E062194B1A4C1068A042F0
:100D700006D10868122803D1586840F480005860F2
:100D8000144C1068A0421CD10868102802D00868D2
:100D9000112816D1586840F40000586008681028DF
:100DA0000FD10D4800680D4CB0FBF4F000EB800053
:100DB0004000009002E00098401E0090009800283B
:100DC000F9D100BF002082F83C0000BF00BF4BE714
:100DD00000230140002001409800002040420F0005
:100DE00070B5044600250CB9012070BD1549A06AF4
:100DF000884200D000BF206C30B9204600F024F8B3
:100E00000020606484F83C00206C00F0100088B979
:100E1000206C20F4885040F0020020642046FFF748
:100E200031FD00206064206C20F0020040F00100E1
:100E3000206400E0012500BF002084F83C0000BFD2
:100E40002846D2E70100000F08B50A4A016891421E
:100E50000FD100BF002100910749096841F480715A
:100E6000054A11601146096801F48071009100BFC4
:100E700000BF08BD002001404438024010B50246C2
:100E800092F82030012B01D0022B06D11068406966
:100E9000084314686061002010BD506A40F480204F
:100EA00050620120F8E7F0B504460D461E4694F85E
:100EB000207020688368A86800B900E000BF012F97
:100EC00001D0022F7DD103F0806030B903F00060C3
:100ED00018B903F0805000287ED0C3F301610120CF
:100EE00088403060A86860B9B5F800C0E86840EA9A
:100EF0004C5C206800F5C07000EB0110C0F800C029
:100F00000FE0D5E901C040EACC00D5F80CC040EABA
:100F10000C00D4F800C00CF5C07C0CEB011CCCF824
:100F20000000D5F810C0206800F5C07000EB01107B
:100F3000C0F804C0287D01280ED1206800F5C070DB
:100F400000EB0110406840F4807C206800F5C07020
:100F500000EB0110C0F804C0D079000692F806C07A
:100F600040EA0C4092F805C040EA0C2092F804C018
:100F700040EA0C00D4F800C00CF5C07C0CEB011C5E
:100F8000CCF80C00D078000692F802C040EA0C4081
:100F900092F801C040EA0C2092F800C040EA0C0030
:100FA000D4F800C00CF5C07C0CEB011CCCF8080098
:100FB000206800F5C07000EB0110006840F0010CE3
:100FC00001E00FE008E0206800F5C07000EB0110C0
:100FD000C0F800C00020F0BD606A40F400106062FC
:100FE0000120F8E7606A40F4802060620120F2E7A7
:100FF000F0B504460A4694F82050012D01D0022D88
:101000007ED1424901F50071086840F00100086096
:10101000086820F47C5008600868566A40EA062098
:101020000860107D00F01F06012000FA06F3C86971
:101030009843C861A1F50071D069C8B9D1F80C0214
:101040009843C1F80C02908880B2968940EA06461F
:1010500001F51070576940F83760108880B2168922
:1010600040EA064601F51070576900EBC70046607C
:10107000D069012819D1D1F80C021843C1F80C022B
:10108000908880B2168840EA064601F510705769CC
:1010900040F83760908980B2168940EA064601F52B
:1010A0001070576900EBC7004660906928B9D1F805
:1010B00004029843C1F8040204E0D1F80402184382
:1010C000C1F80402106928B9D1F814029843C1F894
:1010D000140204E0D1F814021843C1F81402106A93
:1010E000012804D1D1F81C021843C1F81C02D1F820
:1010F000000220F00100C1F800020020F0BDFFE76F
:10110000606A40F4802060620120F7E700640040DC
:10111000704770B5044694F82050012D01D0022D7F
:101120007DD151B92068C06800F0030080B9606AC1
:1011300040F400106062012070BD2068006900F07A
:10114000030028B9606A40F4001060620120F3E7F0
:10115000206800F5D87000EB0110006800F0040072
:101160009060906840B9206800F5D87000EB0110DD
:101170000068400D106007E0206800F5D87000EBB3
:1011800001100068C0085060206800F5D87000EBBE
:101190000110006800F00200D060206800F5D870EF
:1011A00000EB0110406800F00F00082802D308206F
:1011B000106108E0206800F5D87000EB011040686D
:1011C00000F00F001061206800F5D87000EB0110EE
:1011D000406800F47F40000A9061206800F5D870F4
:1011E00000EB01104068000C5061206800F5D870D9
:1011F00000EB011080681870206800F5D87000EBD3
:101200000110806800F47F40000A5870206800F5E3
:10121000D87000EB0110806800F47F0000E03CE033
:10122000000C9870206800F5D87000EB0110806801
:10123000000ED870206800F5D87000EB0110C0686F
:101240001871206800F5D87000EB0110C06800F438
:101250007F40000A5871206800F5D87000EB01103B
:10126000C06800F47F00000C9871206800F5D87009
:1012700000EB0110C068000ED87131B92068C06859
:1012800040F020002668F06005E02068006940F02A
:1012900020002668306100204EE7606A40F480201C
:1012A0006062012048E72DE9F05F044600252068D0
:1012B00046692068D0F80490206887682068D0F8D4
:1012C0000CA02068D0F810B02068D0F8188006F084
:1012D0000100002855D007F00100C0B101202168AD
:1012E000886007F0020018B1204600F056FB0EE0BF
:1012F00007F0040010B145F4006508E007F00800AD
:1013000010B145F4805502E0204600F045FB07F49B
:101310008070C8B14FF480702168886007F4007055
:1013200018B1204600F03BFB0EE007F4806010B1DE
:1013300045F4005508E007F4006010B145F480451D
:1013400002E0204600F02AFB07F48030C8B14FF4D9
:1013500080302168886007F4003018B1204600F022
:1013600020FB0EE007F4802010B145F4004508E0B2
:1013700007F4002010B145F4803502E0204600F06B
:101380000FFB06F0080038B10AF0100020B145F458
:10139000007510202168C86006F0040040B10AF012
:1013A000080028B108202168C860204600F01CFA17
:1013B00006F0020038B12068C06800F0030010B1E8
:1013C000204600F013FA06F0400038B10BF0100090
:1013D00020B145F4806510202168086106F02000E6
:1013E00040B10BF0080028B10820216808612046B0
:1013F00000F0A0FA06F0100038B12068006900F093
:10140000030010B1204600F096FA06F4003040B117
:1014100009F0100028B1102021684860204600F033
:101420008BFA06F4803040B109F0080028B108209A
:1014300021684860204600F0B5FA06F4004088B301
:1014400009F0040078B306F4807020B108F00100C0
:1014500008B145F0010506F4007020B108F0020063
:1014600008B145F0020506F4806020B108F00400E0
:1014700008B145F0040506F40060A0B108F0700062
:1014800088B108F07000402817D006DC10280BD077
:1014900020280CD0302819D10CE0502810D060281A
:1014A00014D110E01DE019E045F008050FE045F00B
:1014B00010050CE045F0200509E045F0400506E088
:1014C00045F0800503E045F4807500E000BF00BFF3
:1014D0002068806920F070002168886104202168FC
:1014E00048602DB1606A284360622046FFF710FE15
:1014F000BDE8F09F70B504460CB9012070BD94F8AA
:10150000200010B9204600F0AFF82068006840F0D5
:1015100001002168086000F095FD05460DE000F02F
:1015200091FD401B0A2808D9606A40F400306062CF
:10153000052084F820000120E0E72068406800F0E2
:1015400001000028EBD02068006820F0020021682C
:10155000086000F077FD05460DE000F073FD401BCC
:101560000A2808D9606A40F400306062052084F8D7
:1015700020000120C2E72068406800F00200002837
:10158000EBD1207E012806D12068006840F0800061
:101590002168086005E02068006820F0800021686C
:1015A0000860607E012806D12068006840F0400095
:1015B0002168086005E02068006820F0400021688C
:1015C0000860A07E012806D12068006840F0200055
:1015D0002168086005E02068006820F0200021688C
:1015E0000860E07E012806D12068006820F0100025
:1015F0002168086005E02068006840F0100021685C
:101600000860207F012806D12068006840F00800AB
:101610002168086005E02068006820F00800216863
:101620000860607F012806D12068006840F004004F
:101630002168086005E02068006820F00400216847
:101640000860D4E90201084321690843616908433D
:101650006168491E08432168C8610020606201205A
:1016600084F82000002049E710B586B00446142114
:1016700001A8FEF7E3FF56492068884249D1554842
:101680000068401C534908600846006801280FD1D3
:1016900000BF002000905048006840F000704E49A4
:1016A00008600846006800F00070009000BF00BFAE
:1016B00000BF0020009048481038006840F0080043
:1016C0004549103908600846006800F0080000909D
:1016D00000BF00BF03200190022002900120039070
:1016E000032004900920059001A93C4800F0AAFBC2
:1016F00000220521142000F06DFD142000F056FD9D
:1017000000220521152000F065FD152000F04EFD9A
:101710005CE033492068884258D100BF0020009027
:101720002D48006840F080602B490860084600683A
:1017300000F08060009000BF00BF26480068401C99
:10174000244908600846006801280FD100BF002026
:1017500000902148006840F000701F49086008466A
:10176000006800F00070009000BF00BF00BF0020C4
:10177000009019481038006840F0020016491039EE
:1017800008600846006800F00200009000BF00BF3B
:101790006020019002200290012003900320049019
:1017A0000920059001A90F4800F04CFB00220521FB
:1017B000402000F00FFD402000F0F8FC0022052141
:1017C000412000F007FD412000F0F0FC06B010BD04
:1017D000006400401C00002040380240000C024021
:1017E0000068004000040240704700002DE9F04707
:1017F0008CB0044603AB05AA00212046FFF789FC04
:101800004A4884426FD19DF80C509DF80D609DF8B8
:101810000E7046EA07289DF80F904FF0000A00204E
:10182000019002904F2D0AD004DC432D17D04B2D90
:101830001FD10CE0602D1AD0802D1AD118E04FF086
:10184000010A524604A901A8FEF7A4FE12E04FF0D7
:10185000020A524604A901A8FEF79CFE0AE04FF0D6
:10186000040A524604A901A8FEF794FE02E001E032
:1018700000E000BF00BF0598A0F5B06008284ED278
:10188000DFE800F0040D161F28323B44284901AB65
:101890004A46D1F89800414603F079FE40E02449D9
:1018A00001AB4A46D1F86C01414603F070FE37E0C7
:1018B0001F4901AB4A46D1F84002414603F067FE9A
:1018C0002EE01B4901AB4A46D1F81403414603F010
:1018D0005EFE25E0164901AB4A46D1F8E8034146D1
:1018E00003F055FE1CE01DE0114901AB4A46D1F85A
:1018F000BC04414603F04BFE12E00D4901AB4A46E1
:10190000D1F89005414603F042FE09E0084901ABD9
:101910004A46D1F86406414603F039FE00E000BFB4
:1019200000BF00BF0CB0BDE8F0870000300400200D
:10193000FC87002070477047704770B5044694F8E4
:101940002000012822D1022084F8200020680068AD
:1019500020F001002168086000F074FB05460DE0EE
:1019600000F070FB401B0A2808D9606A40F4003080
:101970006062052084F82000012070BD2068406866
:1019800000F001000028EBD16062F6E7606A40F4E5
:10199000002060620120F0E7704770477047704791
:1019A00070477047704710B504460CB9012010BD50
:1019B000607920B900202071204600F005F8012050
:1019C00060710020F3E7000008B50A4A01689142FF
:1019D0000FD100BF002100910749096841F48051EF
:1019E000054A11601146096801F48051009100BF59
:1019F00000BF08BD003002403038024070B50446D8
:101A0000A56D00F01FFB064694F83500022808D0AB
:101A10008020606500BF002084F8340000BF0120F2
:101A200070BD2068006820F01600216808602068FA
:101A3000406920F0800021684861206C08B9A06CE2
:101A400028B12068006820F008002168086020683C
:101A5000006820F001002168086010E000F0F2FA50
:101A6000801B05280BD920206065032084F83500F1
:101A700000BF002084F8340000BF0320D0E72068B6
:101A8000006800F001000028E8D194F85C103F20C5
:101A90008840A860012084F8350000BF002084F849
:101AA000340000BF00BFBBE7014691F835000228B3
:101AB00003D08020486501207047052081F835005B
:101AC0000868006820F001000A6810600020F3E751
:101AD000F8B50446002000908C4800684FF4165179
:101AE000B0FBF1F7A56D2E6894F85C1008208840D3
:101AF000304098B12068006800F0040070B12068A0
:101B0000006820F004002168086094F85C10082048
:101B10008840A860606D40F00100606594F85C103A
:101B200001208840304068B12068406900F08000A2
:101B300040B194F85C1001208840A860606D40F0CE
:101B40000200606594F85C1004208840304068B161
:101B50002068006800F0020040B194F85C10042096
:101B60008840A860606D40F00400606594F85C10E7
:101B700010208840304078B32068006800F00800EA
:101B800050B394F85C1010208840A860206800686A
:101B900000F4802080B12068006800F4002028B99B
:101BA000206CC8B12046216C884715E0A06C98B124
:101BB0002046A16C88470FE02068006800F4807020
:101BC00028B92068006820F0080021680860206CAF
:101BD00010B12046216C884794F85C102020884082
:101BE0003040002865D02068006800F01000002810
:101BF0005FD094F85C1020208840A86094F83500ED
:101C0000052828D12068006820F0160021680860A7
:101C10002068406920F0800021684861206C08B984
:101C2000A06C28B12068006820F0080021680860D6
:101C300094F85C103F208840A860012084F83500AB
:101C400000BF002084F8340000BF206D10B1204692
:101C5000216D8847F8BD2068006800F4802080B1BD
:101C60002068006800F4002028B9606C10B120469C
:101C7000616C88471DE0E06BD8B12046E16B884776
:101C800017E02068006800F4807068B92068006878
:101C900020F0100021680860012084F8350000BFA2
:101CA000002084F8340000BFE06B10B12046E16BE7
:101CB0008847606D38B3606D00F00100F0B1052019
:101CC00084F835002068006820F001002168086071
:101CD00000BF0098401C0090B84200D905E0206881
:101CE000006800F001000028F3D100BF012084F853
:101CF000350000BF002084F8340000BFE06C10B154
:101D00002046E16C884700BFA4E70000980000204F
:101D10002DE9F0410446002500F094F9074614B976
:101D20000120BDE8F081606A00B100BF022084F8A4
:101D3000350000BF002084F8340000BF2068006830
:101D400020F00100216808600AE000F07BF9C01B68
:101D5000052805D920206065032084F83500E0E7D8
:101D60002068006800F001000028EED120680568B6
:101D700021480540D4E901010843E168084321698D
:101D8000084361690843A1690843E1690843216A7E
:101D900008430543606A042803D1D4E90B010843D2
:101DA0000543206805602068456925F00705606ADD
:101DB0000543606A04280DD1A06A0543E06A48B172
:101DC0002046FEF7C5FE28B140206065012084F85A
:101DD0003500A6E7206845612046FEF79FFE0646CF
:101DE00094F85C103F208840B060002060650120BE
:101DF00084F83500002094E73F8010F070B5044669
:101E000000F020F906462546681C10B10448007809
:101E1000054400BF00F016F9801BA842FAD370BD3C
:101E2000940000207047000010B504460448006884
:101E3000204020B1024804602046FFF7F3FF10BDA8
:101E4000143C0140F8B502460B4600250024002052
:101E50000021D6E0012606FA01F51E6806EA05040F
:101E6000AC4274D11E7906F00306012E04D01E790F
:101E700006F00306022E13D190684F000326BE40E1
:101E8000B0434F00DE68BE4030439060506801268A
:101E90008E40B0431E79C6F300168E40304350602A
:101EA0001E7906F00306032E09D0D0684F000326E2
:101EB000BE40B0434F009E68BE403043D0601E79A4
:101EC00006F00306022E13D1CF0802F1200656F8C1
:101ED00027004E07F70E0F26BE40B0434F07FF0EF8
:101EE0001E69BE403043CF0802F1200646F82700A5
:101EF00010684F000326BE40B0431E7906F003066B
:101F00004F00BE40304310605E6806F44036002E3D
:101F100076D000BF002600963C4E366846F48046D8
:101F20003A4F3E603E46366806F48046009600BF53
:101F300000BF374E8F0856F827008E07370F0F2641
:101F4000BE40B043334EB24202D1002624E057E0F7
:101F5000314EB24201D101261EE0304EB24201D1D3
:101F6000022619E02E4EB24201D1032614E02D4E76
:101F7000B24201D104260FE02B4EB24201D1052618
:101F80000AE02A4EB24201D1062605E0284EB242AE
:101F900001D1072600E008268F073F0FBE403043DF
:101FA0001B4E8F0846F82700224E3068A0435E681B
:101FB00006F4801606B120431E4E3060361D306890
:101FC000A0435E6806F4001606B12043194E361D84
:101FD0003060184E361F3068A0435E6806F4003645
:101FE00006B12043134E361F3060361F3068A043C1
:101FF0005E6806F4803606B120430E4E083E30601F
:10200000491C1029FFF426AFF8BD000044380240F7
:10201000083801400000024000040240000802406D
:10202000000C024000100240001402400018024060
:10203000001C0240083C01400AB1816101E00B0430
:102040008361704701480068704700008C000020E1
:10205000034800680349097808440149086070474B
:102060008C0000209400002010B50D48006840F45A
:1020700000700B4908600846006840F48060086002
:102080000846006840F480700860032000F0E0F823
:102090000F2000F007F800F05FF8002010BD0000EE
:1020A000003C02402DE9F04188B004460027B846C4
:1020B00000BF002001902448006840F00100224940
:1020C00008600846006800F00100019000BF00BFF2
:1020D00002A903A801F064F8069F1FB901F088F86F
:1020E000054602E001F084F845001848B5FBF0F021
:1020F000A0F101084FF080401549086040F2E73137
:102100001348C160C0F804800021016181608161D1
:1021100001F00EFD064696B90D4801F085FD064614
:102120006EB91C2000F042F8102C07D20022214684
:102130001C2000F04FF80748046000E001263046FC
:1021400008B0BDE8F08100004038024040420F0076
:10215000100A00209000002008B500BF0020009069
:102160001148006840F480400F4908600846006844
:1021700000F48040009000BF00BF00BF002000902E
:10218000081F006840F08050091F0860084600687A
:1021900000F08050009000BF00BF00220F21901E71
:1021A00000F018F808BD0000443802400146084617
:1021B00000280DDB00BF00BF00F01F0301229A4082
:1021C00043099B0003F1E023C3F8002100BF00BFD7
:1021D00000BF70472DE9F05F80460D461646002788
:1021E00006F048FD074639462A46334601F0070007
:1021F000C0F1070ABAF1040F02D94FF0040A01E056
:10220000C0F1070AD14600F1040ABAF1070F02D261
:102210004FF0000A01E0A0F1030AD4464FF0010A92
:102220000AFA09FAAAF1010A0AEA020A0AFA0CFAF7
:102230004FF0010B0BFA0CFBABF1010B0BEA030B9C
:102240004AEA0B042146404606F01CFDBDE8F09F1B
:1022500000BF00F00702064B19684FF6FF03194054
:10226000044B0B4343EA0221014B196000BF704746
:102270000CED00E00000FA0570470246106841626C
:1022800000207047F0B5034615461868446A21B926
:1022900044EA05401E68B06219E01868806A04EBE1
:1022A0001044002208E0186800F5827050F82200FF
:1022B00004EB1044501CC2B2481E9042F3D844EACA
:1022C0000547186800F582704E1E40F82670002001
:1022D000F0BD10B50446D4F8E00405F032F810BDA6
:1022E00070B504460D4605EBC50304F1140101EB7E
:1022F0008301CA682946D4F8E00404F015FF70BDD4
:1023000070B504460D4605EBC50304F5157101EBE8
:102310008301CA682946D4F8E00404F08DFF70BD3B
:1023200010B50446D4F8E00405F00EF810BD2DE910
:10233000F04104460D4605F08000802808D105F0E4
:102340000F0000EBC00104F1140000EB810607E070
:1023500005F00F0000EBC00104F5157000EB8106DD
:102360003146206806F046FA07463846BDE8F08157
:1023700070B504460E4606F0800080280AD106F0AB
:102380000F0000EBC00104F1140000EB81050120F7
:10239000687009E006F00F0000EBC00104F515704D
:1023A00000EB81050020687006F00F00287000BF68
:1023B00094F89404012801D1022070BD012084F812
:1023C000940400BF2946206805F0A2FD00BF00204C
:1023D00084F8940400BF00BFEFE770B504460E46D2
:1023E00006F00F002179884201D9012070BD06F066
:1023F000800080280AD106F00F0000EBC00104F134
:10240000140000EB81050120687009E006F00F0060
:1024100000EBC00104F5157000EB81050020687029
:102420000020A87006F00F00287000BF94F89404F4
:10243000012801D10220D9E7012084F8940400BFCB
:102440002946206805F062FF00BF002084F894044C
:1024500000BF00BFCAE7024601F00F0000EBC00357
:1024600002F5157000EB8300406970472DE9F047D5
:1024700005460E4690461F464FF0000906F08000C4
:1024800080280AD106F00F0000EBC00105F114000E
:1024900000EB81040120607009E006F00F0000EB02
:1024A000C00105F5157000EB81040020607006F096
:1024B0000F002070C8F30A00A0602771607808B18F
:1024C00020786083022F01D10020607100BF95F851
:1024D0009404012802D10220BDE8F087012085F88C
:1024E000940400BF2146286805F01EFC00BF0020B0
:1024F00085F8940400BF4846EEE72DE9F041054613
:102500000E461746984606F00F0000EBC00105F591
:10251000157000EB8104E760C4F810800020606152
:10252000607006F00F002070A879012800D1E761E3
:10253000AA792146286805F07DFF0020BDE8F081DA
:1025400070B504460D4605F00F002179884201D987
:10255000012070BD05F0800080280AD105F00F0031
:1025600000EBC00104F1140000EB81060120707043
:1025700007E005EBC50104F5157000EB81060020AE
:1025800070700120B07005F00F00307000BF94F83B
:102590009404012801D10220DBE7012084F894048F
:1025A00000BF3146206805F0F8FE05F00F0028B99D
:1025B000A17904F29C42206805F070FE00BF002063
:1025C00084F8940400BF00BFC3E72DE9F04105463D
:1025D0000E461746984606F00F0000EBC00105F1C5
:1025E000140000EB8104E760C4F8108000206061F3
:1025F0000120607006F00F002070A879012800D13A
:10260000E761AA792146286805F014FF0020BDE89B
:10261000F0812DE9FE4F0446D4F800B05E462068F4
:1026200006F0CAF9002874D1206806F004FA08B947
:10263000BDE8FE8F40F608008059C0F30D20C4F8B5
:10264000D404206806F0F7F900F00200022805D152
:102650002068406900F0020021684861206806F0A7
:10266000EAF900F01000102845D12068806920F0B8
:10267000100021688861DBF8209009F00F0000EB62
:10268000C00104F5157000EB810AC9F3434002282C
:102690001AD147F6F07009EA000030B3C9F30A1204
:1026A0005846DAF80C1006F0CBF9C9F30A11DAF83B
:1026B0000C000844CAF80C00C9F30A11DAF8140037
:1026C0000844CAF8140010E0C9F3434006280CD1AE
:1026D000082204F29C41584606F0B2F9C9F30A11E7
:1026E000DAF814000844CAF814002068806940F041
:1026F000100021688861206806F09DF900F4002030
:10270000B0F5002F7BD10025206806F064F9029017
:1027100072E0E1E2029800F00100002868D0E9B21E
:10272000206806F07BF9804608F0010048B10121DD
:1027300006F5306000EB451081602946204603F025
:102740008DF808F00800082809D1082106F5306046
:1027500000EB451081602946204603F04DF808F053
:102760001000102805D1102106F5306000EB45104F
:10277000816008F00200022824D1DBF8140000F088
:102780008000802807D140F60400805940F4806121
:1027900040F60400815105EBC50104F5157000EB0E
:1027A000810A9AF80300012806D100208AF8030064
:1027B000E9B2204600F09BFA022106F5306000EBFA
:1027C0004510816008F02000202805D1202106F561
:1027D000306000EB4510816008F40050B0F5005FF8
:1027E00006D14FF4005106F5306000EB45108160D2
:1027F0006D1C029840080290029800288AD1206837
:1028000006F019F900F48020B0F5802F7DD1206802
:1028100006F0D7F8029000259AE0029800F0010037
:10282000002873D0E9B2206806F0DFF8804608F08F
:102830000100F0B305F00F0101208840019040F63F
:1028400034008159019821EA000040F63401885192
:10285000012106F5106000EB45108160A079012888
:1028600024D105EBC50104F1140000EB810005EB58
:10287000C502C16804F1140000EB820080680144C5
:1028800005EBC50204F1140000EB8200C1606DB9D4
:1028900005EBC50104F1140000EB8100006928B9C3
:1028A00004F29C420121206805F0F8FCE9B22046C0
:1028B00000E001E0FFF714FD08F00800082805D14A
:1028C000082106F5106000EB4510816008F010004B
:1028D000102805D1102106F5106000EB451081602D
:1028E00008F04000402805D1402106F5106000EBBB
:1028F0004510816008F0020002281DD12946584683
:1029000006F01DF805EBC50101E025E01CE004F12F
:10291000140000EB810A9AF80300012806D1002078
:102920008AF80300E9B2204600F0D8F9022106F542
:10293000106000EB4510816008F08000802803D112
:102940002946204603F02CF86D1C0298400802909E
:10295000029800287FF461AF206806F06CF800F060
:102960000040B0F1004F1CD140F60400805920F027
:10297000010140F60400815194F8CC04012807D1EC
:10298000002084F8CC0400212046FFF775FC02E00B
:10299000204600F0D1FA2068406900F0004021682C
:1029A0004861206806F047F800F40060B0F5006F59
:1029B0000ED140F60800805900F0010010B1204609
:1029C00000F012FB2068406900F400602168486153
:1029D000206806F030F800F48050B0F5805F7ED1BA
:1029E00040F60400805920F0010140F604008151B6
:1029F0001021206805F0A3FF002732E04FF67F3159
:102A000006F5106000EB4710816006F5106000EBE2
:102A10004710006820F4001106F5106000EB471025
:102A200001604FF67F3106F5306000EB47108160A2
:102A300006F5306000EB4710006820F4001106F541
:102A4000306000EB4710016006F5306000EB471086
:102A5000006840F0006106F5306000EB471001604F
:102A60007F1C2079B842C9D840F61C00805940F03C
:102A7000011140F61C008151E07B70B1D6F884084A
:102A800040F00B01C6F8841840F64400805940F02D
:102A90000B0140F6440081510FE040F614008059CC
:102AA00042F22B01084340F614018851081F805957
:102AB00040F00B014FF401608151D6F8000820F47A
:102AC000FE60C6F80008A17904F29C42206805F077
:102AD000E5FB2068406900F48050216800E000E0D8
:102AE0004861206805F0A7FF00F40050B0F5005FD2
:102AF00017D1206805F080F9206805F04AFFE071E1
:102B000000F070FB0090E2792068009906F01AF856
:102B1000204600F0F9F92068406900F4005021686F
:102B20004861206805F087FF00F00800082808D1F8
:102B3000204600F008FA2068406900F0080021688B
:102B40004861206805F077FF00F08000802818D1E8
:102B5000DBF8180020F08000CBF8180001250DE00C
:102B600005EBC50104F5157000EB8100C078012864
:102B700003D1E9B22046FFF7DAFB6D1C2079A842A9
:102B8000EED8206805F057FF00F48010B0F5801FE4
:102B90002DD1012522E006F5106000EB4510D0F89C
:102BA000009005EBC50104F1140000EB81000079F1
:102BB000012812D109F00040B0F1004F0DD10121E0
:102BC00005EBC50204F1140000EB8200C170E8B20D
:102BD00040F080012046FFF7AAFB6D1C2079A84237
:102BE000D9D82068406900F48010216848612068C5
:102BF00005F021FF00F40010B0F5001F44D10125BD
:102C000038E006F5306000EB4510D0F8009005EB99
:102C1000C50104F5157000EB81000079012828D169
:102C200009F00040B0F1004F23D194F8D40400F033
:102C30000100C9F3004188421BD1012105EBC50207
:102C400004F5157000EB8200C170DBF8180040F04D
:102C50008000CBF81800DBF8140000F0800040B9C9
:102C600040F60400805940F4007140F604008151A0
:102C700003E06D1C2079A842C3D800BF20684069DA
:102C800000F4001021684861206805F0D4FE00F0CF
:102C90008040B0F1804F08D12046FFF71AFB206832
:102CA000406900F0804021684861206805F0C3FE5B
:102CB00000F0040004280FD12068D0F8049009F037
:102CC0000400042802D12046FFF72AFB2068406850
:102CD00040EA09002168486000BFA9E470B50446D5
:102CE0000D462946D4F8E00404F09AFB70BD70B597
:102CF00004460D462946D4F8E00404F0B5FB70BD47
:102D0000F8B504460CB90120F8BD266894F895047E
:102D100028B9002084F89404204600F0A1F803208C
:102D200084F89504B6F1A04F01D10021A17120686B
:102D300005F0ACFA207C8DF8000094E80F0005F057
:102D40006FF820B1022084F895040120DCE700210F
:102D5000206805F0A5FE20B1022084F8950401202A
:102D6000D2E7002531E0012105EBC50204F1140092
:102D700000EB8200417005EBC50104F1140000F87E
:102D8000215005EBC50100EB81004583002105EBD7
:102D9000C50204F1140000EB8200017105EBC502CD
:102DA00004F1140000EB8200816005EBC50204F120
:102DB000140000EB8200C16005EBC50204F11400B1
:102DC00000EB82000161681CC5B22079A842CADC10
:102DD00000252AE0002105EBC50204F5157000EB83
:102DE0008200417005EBC50104F5157000F8215013
:102DF000002105EBC50200EB8200017105EBC50265
:102E000004F5157000EB8200816005EBC50204F546
:102E1000157000EB8200C16005EBC50204F515706A
:102E200000EB82000161681CC5B22079A842D1DCA8
:102E3000207C8DF8000094E80F0005F033F920B1F4
:102E4000022084F8950401205EE7002060740120D0
:102E500084F89504206805F013F9002054E7000079
:102E600010B586B00446142101A8FDF7E7FB2068E1
:102E7000B0F1A04F42D100BF002000902048006870
:102E800040F001001E4908600846006800F001009B
:102E9000009000BF00BF4FF4C0500190022002908C
:102EA00000200390032004900A20059001A91548F2
:102EB000FEF7C8FF00BF1248001D006840F0800008
:102EC0000F49091D086000BF002000900C48143015
:102ED000006840F480400A491431086008460068E0
:102EE00000F48040009000BF00BF00BF0022052119
:102EF0004320FFF76FF94320FFF758F906B010BDE4
:102F0000303802400000024070B504460125E079E7
:102F100008B9002506E0E079022801D1012501E089
:102F2000FDF77BFE2946D4F8E00404F047FBD4F813
:102F3000E00404F0EDFA70BD10B50446D4F8E004E6
:102F400004F01DFB10BD10B50446D4F8E00404F0F5
:102F500021FB10BD70B504460D4600BF94F89404E3
:102F6000012801D1022070BD012084F8940400BF23
:102F700065742946206805F0C7FD00BF002084F86D
:102F8000940400BF00BFEEE710B5044604F29C4174
:102F9000D4F8E00404F029FB10BD70B504462568A0
:102FA00000BF94F89404012801D1022070BD0120D3
:102FB00084F8940400BFE86800F0400030B1607B02
:102FC000012803D1A86B40F48030A863206805F085
:102FD00087FC206805F042F800BF002084F89404C4
:102FE00000BF00BFE2E7000010B50446D4F8E004DB
:102FF00004F058FB2068D0F8000E40F00100216872
:10300000C1F8000EE07A28B10348006840F00600DD
:103010000149086010BD000010ED00E070B50446E5
:103020000D460CB9012070BD5848006800F007003B
:10303000A84209D255490D700846006800F0070003
:10304000A84201D00120EEE7207800F0020002281B
:103050001DD1207800F00400042805D14C480068F8
:1030600040F4E0504A490860207800F00800082841
:1030700005D14748006840F460404549086044482D
:10308000006820F0F000A1680843414908602078FA
:1030900000F00100A8B36068012807D13C48083857
:1030A0000068C0F34040B8B90120BCE7606802285E
:1030B00002D06068032807D1354808380068C0F39B
:1030C000406048B90120AEE7314808380068C0F3D5
:1030D000400008B90120A6E72D48006820F0030051
:1030E000616808432A490860FEF7ACFF064609E01C
:1030F000FEF7A8FF801B41F28831884202D90320E5
:1031000091E707E02248006800F00C006168B0EB2E
:10311000810FEDD11D48006800F00700A84209D9D1
:103120001A490D700846006800F00700A84201D057
:10313000012078E7207800F00400042807D1144823
:10314000006820F4E050E1680843114908602078E5
:1031500000F00800082808D10D48006820F46040FD
:10316000216940EAC1000A49086000F061F8084995
:103170000968C1F30311074A515CC8400649086059
:1031800006480068FEF78EFF00204CE7003C024036
:103190000838024074A00008980000209000002029
:1031A0000F2202600D4A126802F0030242600B4ACD
:1031B000126802F0F0028260084A126802F4E052DB
:1031C000C260064A126802F46042D2080261044AF0
:1031D000126802F007020A607047000008380240D7
:1031E000003C024001480068704700009800002041
:1031F00000B5FFF7F7FF04490968C1F38221034ACC
:10320000515CC84000BD00000838024084A000089E
:1032100000B5FFF7E7FF04490968C1F34231034AEB
:10322000515CC84000BD00000838024084A000087E
:103230002DE9F047002400250026A1462548006816
:1032400000F00C0020B1042805D008283AD105E090
:10325000DFF8849039E0DFF8849036E01D48001FE5
:10326000006800F03F041B48001F006800F4800065
:1032700078B11A481749091F0968C1F38811A0FBE2
:1032800001700146224600233846FDF7C7F805467F
:103290000EE011480F49091F0968C1F38811A0FB0E
:1032A00001700146224600233846FDF7B7F805466F
:1032B0000848001F0068C0F30140401C4600B5FBF1
:1032C000F6F902E0DFF8109000BF00BF4846BDE805
:1032D000F0870000083802400024F400001BB7000B
:1032E000F8B504460CB90120F8BD207800F00100C3
:1032F000002874D0F948006800F00C0004280DD0B4
:10330000F648006800F00C00082813D1F348001FAD
:10331000006800F48000B0F5800F0BD1EF4808384A
:103320000068C0F34040002859D06068002856D19A
:103330000120D9E700BF6068B0F5803F08D1E748B9
:103340000838006840F48030E449083908601EE01D
:103350006068B0F5A02F0DD1E0480838006840F44F
:103360008020DE49083908600846006840F4803053
:1033700008600CE0D9480838006820F48030D7494C
:10338000083908600846006820F48020086000BF03
:10339000606890B1FEF756FE054606E0FEF752FE65
:1033A000401B642801D903209EE7CC4808380068F8
:1033B000C0F340400028F1D011E0FEF743FE05467F
:1033C00006E0FEF73FFE401B642801D903208BE78F
:1033D000C24808380068C0F340400028F1D1207886
:1033E00000F0020002285FD1BC48006800F00C0029
:1033F00058B1BA48006800F00C0008281CD1B74842
:10340000001F006800F48000B0B9B44808380068B4
:10341000C0F3400020B1E068012801D0012063E73B
:10342000AE480838006820F0F800216940EAC10081
:10343000AA490839086037E0E06800B30120A849CC
:103440000860FEF7FFFD054606E0FEF7FBFD401BAA
:10345000022801D9032047E7A04808380068C0F3D4
:1034600040000028F1D09D480838006820F0F8009E
:10347000216940EAC10099490839086014E0002038
:1034800097490860FEF7DEFD054606E0FEF7DAFD27
:10349000401B022801D9032026E79048083800681D
:1034A000C0F340000028F1D1207800F0080008287F
:1034B0002CD16069A8B101208A490860FEF7C2FDDD
:1034C000054606E0FEF7BEFD401B022801D9032099
:1034D0000AE782486C300068C0F340000028F1D051
:1034E00014E000207F490860FEF7ACFD054606E0C9
:1034F000FEF7A8FD401B022801D90320F4E6774817
:103500006C300068C0F340000028F1D1207800F052
:103510000400042870D1002770483830006800F09B
:10352000805090B900BF002000906C48383000688F
:1035300040F080506949383108600846006800F062
:103540008050009000BF00BF01276748006800F46A
:103550008070B0B96448006840F4807062490860C7
:10356000FEF770FD054606E0FEF76CFD401B0228E5
:1035700001D90320B8E65C48006800F48070002898
:10358000F2D000BFA068012808D154486830006814
:1035900040F001005149683108601DE0A06805282D
:1035A0000DD14E486830006840F004004B49683146
:1035B00008600846006840F0010008600CE04748D9
:1035C0006830006820F0010044496831086008460E
:1035D000006820F00400086000BFA068A8B1FEF7F2
:1035E00031FD054609E0FEF72DFD401B41F2883113
:1035F000884202D9032077E626E038486830006820
:10360000C0F340000028EED013E0FEF71BFD054696
:1036100008E0FEF717FD401B41F28831884201D9CE
:10362000032061E62D4868300068C0F340000028A0
:10363000EFD1012F07D129483830006820F08050A1
:1036400026493831086000BFA069002845D02348CA
:10365000006800F00C0008285DD0A069022845D160
:1036600000201F490866FEF7EDFC054606E0FEF760
:10367000E9FC401B022801D9032035E61748083829
:103680000068C0F340600028F1D1D4E90701084385
:10369000616A40EA81110122A06AC2EB500041EA4E
:1036A00000412C20005D41EA00600C49091F0860C0
:1036B00001200B490866FEF7C5FC054606E0FEF74B
:1036C000C1FC401B022801D903200DE6034808383D
:1036D0000068C0F340600028F1D049E0083802409B
:1036E00000004742800E4742007000400020214900
:1036F0000866FEF7A7FC054606E0FEF7A3FC401BA4
:10370000022801D90320EFE51B480068C0F34060A0
:103710000028F2D12CE0A069012800D1E4E5164888
:10372000001D0668A069012820D006F48001E06928
:1037300081421BD106F03F01206A814216D147F633
:10374000C0703040616AB0EB811F0FD106F4403188
:103750000122A06AC2EB5000B1EB004F06D106F087
:1037600070612C20005DB1EB006F01D00120BBE542
:103770000020B9E5000047420038024010B5044679
:103780000CB9012010BD607920B9002020712046BD
:1037900000F00EF8022060712068006840F004001C
:1037A00021680860012060710020A06000BFE9E787
:1037B00008B50A4A016891420FD100BF002100916B
:1037C0000749096841F04001054A1160114609683E
:1037D00001F04001009100BF00BF08BD0008065085
:1037E0003438024010B504460CB9012010BD606A9F
:1037F00038B96068B0F5827F00D105E00021E16151
:1038000002E00021216161610021A16294F8510070
:1038100028B9002084F85000204600F047F8022024
:1038200084F851002068006820F04000216808609A
:10383000A08800F48270218901F404410843A18921
:1038400001F400610843217C01F002010843217D5D
:1038500001F001010843218B01F400710843217F2D
:1038600001F0380108432021095D01F0800108437F
:10387000218D01F400510843216808600421A069EA
:1038800001EA104094F8241001F010010843216867
:1038900048602068C06920F400602168C861002089
:1038A0006065012084F8510000209FE710B586B0C4
:1038B0000446142101A8FCF7C1FE4B492068884248
:1038C0007ED100BF002000904848006840F480503E
:1038D000464908600846006800F48050009000BF28
:1038E00000BF00BF0020009040481438006840F03E
:1038F00002003E49143908600846006800F00200E2
:10390000009000BF00BF00BF002000900846006884
:1039100040F0010008600846006800F001000090D7
:1039200000BF00BF182001900220029001200390E8
:10393000032004900520059001A92D48FEF782FA86
:103940008020019002200290012003900320049027
:103950000520059001A92748FEF774FA2648274953
:1039600008604FF0C0604860002124488160C16059
:103970004FF480610161002141618161C1614FF4B7
:103980004031016200214162FEF7C2F908B1FDF742
:1039900044F900BF1948E064846300BF164818303A
:1039A000174908604FF0C0604860402114488160AA
:1039B0000021C1604FF4806101610021416100E09C
:1039C00010E08161C1614FF4003101620021416268
:1039D000FEF79EF908B1FDF720F900BF0848A06482
:1039E000846300BF06B010BD00300140443802407F
:1039F000000402400000024040640240E80400204D
:103A0000480500207047704710B50346002200BFEC
:103A100093F83C00012801D1022010BD012083F859
:103A20003C0000BF22F0FF00CC6840EA040222F410
:103A300040708C6840EA040222F480604C6840EADE
:103A4000040222F400600C6840EA040222F4805070
:103A50000C6940EA040222F400504C6940EA040276
:103A600022F48040CC6940EA04021868426400BF36
:103A7000002083F83C0000BF00BFCEE730B502460F
:103A80000B4600BF92F83C00012801D1022030BD56
:103A9000012082F83C0000BF022082F83D0010683F
:103AA00044681068816824F0700418680443106842
:103AB0004460184D1068A8421BD01068B0F1804FC8
:103AC00017D0154D1068A84213D0144D1068A842A5
:103AD0000FD0134D1068A8420BD0124D1068A842A9
:103AE00007D0114D1068A84203D0104D1068A842AD
:103AF00005D121F0800158680143106881600120E0
:103B000082F83D0000BF002082F83C0000BF00BFEB
:103B1000BDE7000000000140000400400008004034
:103B2000000C00400004014000400140001800402B
:103B300010B504460CB9012010BD94F83D0028B919
:103B4000002084F83C00204600F026F8022084F88B
:103B50003D00211D206802F0B7F8012084F84600DE
:103B600000BF84F83E0001213F200155402001554F
:103B70004120015500BF00BF012084F842004320CE
:103B80000155442001554520015500BF012084F80E
:103B90003D000020D0E7000008B51F4A01689142AF
:103BA0000FD100BF002100911C49096841F00401B8
:103BB0001A4A11601146096801F00401009100BF22
:103BC00029E0174A016891420FD100BF00210091FE
:103BD0001249096841F00801104A1160114609684C
:103BE00001F00801009100BF15E00E4A0168914202
:103BF00011D100BF002100910849091D096841F455
:103C00000031064A121D11601146096801F40031A5
:103C1000009100BF00BF08BD0008004040380240CE
:103C2000000C004000440140014691F83D0001288D
:103C300001D001207047022081F83D000868C0686B
:103C400040F001000B68D8601A4B086898421BD0FE
:103C50000868B0F1804F17D0174B0868984213D00E
:103C6000164B086898420FD0154B086898420BD045
:103C7000144B0868984207D0134B0868984203D049
:103C8000124B086898420CD10868806800F007025F
:103C9000062A0CD00868006840F001000B68186024
:103CA00005E00868006840F001000B68186000201B
:103CB000C0E7000000000140000400400008004090
:103CC000000C00400004014000400140001800408A
:103CD0002DE9F04104460D46002700BF94F83C0052
:103CE000012802D10220BDE8F081012084F83C00C7
:103CF00000BF022084F83D002068866826F0770621
:103D000026F47F46206886602868502833D00CDC73
:103D1000202850D004DC00284BD0102851D149E095
:103D2000302849D040284CD139E060282DD0702867
:103D300007D0B0F5805F03D0B0F5005F41D10DE052
:103D400041E0D5E902136A68206802F02DF8206886
:103D5000866846F077062068866034E0D5E902136D
:103D60006A68206802F020F82068806840F480408B
:103D70002168886027E0EA686968206802F004F931
:103D80005021206802F01BF81DE0EA68696820688D
:103D900002F00DF96021206802F011F813E0EA68E2
:103DA0006968206802F0F0F84021206802F007F806
:103DB00009E000BF00BF00BF2968206801F0FFFFD5
:103DC00001E0012700BF00BF012084F83D0000BFD3
:103DD000002084F83C0000BF384684E7704770B587
:103DE00004462068C5682068066906F002000228BB
:103DF00019D105F00200022815D1401F2168086181
:103E0000012020772068806900F0030018B1204667
:103E1000FFF7E4FF05E0204600F08CF9204600F0B3
:103E2000AFFA0020207706F00400042819D105F02D
:103E30000400042815D1C0432168086102202077BE
:103E40002068806900F4407018B12046FFF7C6FF73
:103E500005E0204600F06EF9204600F091FA0020BF
:103E6000207706F00800082819D105F00800082876
:103E700015D1C04321680861042020772068C069FB
:103E800000F0030018B12046FFF7A8FF05E0204628
:103E900000F050F9204600F073FA0020207706F079
:103EA0001000102819D105F01000102815D1C043BA
:103EB00021680861082020772068C06900F44070FC
:103EC00018B12046FFF78AFF05E0204600F032F9DE
:103ED000204600F055FA0020207706F0010048B196
:103EE00005F0010030B16FF0010021680861204643
:103EF00000F047FA06F08000802809D105F0800024
:103F0000802805D1C043216808612046FFF77AFD6B
:103F100006F04000402809D105F04000402805D1B6
:103F2000C04321680861204600F034FA06F0200002
:103F3000202809D105F02000202805D1C0432168A0
:103F400008612046FFF75FFD70BD000010B586B028
:103F50000446142101A8FCF771FB694920688842D6
:103F60001ED100BF002000906648006840F010009D
:103F7000644908600846006800F01000009000BF27
:103F800000BF4815019002200290012003900220FA
:103F900004900120059001A95B48FDF753FFACE0B8
:103FA0005A49206888421DD100BF00200090554822
:103FB000006840F00400534908600846006800F0BB
:103FC0000400009000BF00BF8815019002200290FD
:103FD0000120039002200490059001A94C48FDF7B0
:103FE00031FF8AE04B49206888421FD100BF002082
:103FF00000904448006840F00800424908600846C4
:10400000006800F00800009000BF00BF4FF480403F
:1040100001900220029001200390032004900220CE
:10402000059001A93C48FDF70DFF66E03B4920687B
:1040300088421ED100BF002000903248006840F046
:104040008000304908600846006800F08000009059
:1040500000BF00BF4FF4E050019002200290012009
:10406000039002200490059001A92D48FDF7EAFE77
:1040700043E02C49206888421DD100BF00200090F9
:104080002048006840F480701E49086008460068B7
:1040900000F48070009000BF00BF802001900220DB
:1040A00002900120039003200490059001A91E486E
:1040B000FDF7C8FE21E01D49206888421DD100BFE0
:1040C000002000900F48006840F020000D49086073
:1040D0000846006800F02000009000BF00BF4020AC
:1040E00001900220029001200390022004900320FE
:1040F000059001A90E48FDF7A5FE06B010BD000011
:10410000000001403038024000100240000400402E
:104110000008024000080040000C0240000C004073
:10412000001C024000040140002002400044014005
:104130000014024070472DE9F04104460D46164632
:10414000002700BF94F83C00012802D10220BDE8FE
:10415000F081012084F83C0000BF36B1042E1BD052
:10416000082E31D00C2E5ED145E02946206801F0A2
:104170002FFE2068806940F008002168886120686F
:10418000806920F0040021688861206880692969BD
:1041900008432168886148E02946206801F050FE04
:1041A0002068806940F40060216888612068806927
:1041B00020F480602168886120688069296940EA6C
:1041C00001202168886130E02946206801F076FEF0
:1041D0002068C06940F008002168C8612068C06993
:1041E00020F004002168C8612068C069296908437B
:1041F0002168C86119E02946206801F09BFE20680B
:10420000C06940F400602168C8612068C06920F47A
:1042100080602168C8612068C069296940EA01207E
:104220002168C86101E0012700BF00BF00BF002076
:1042300084F83C0000BF384689E710B504460CB945
:10424000012010BD94F83D0028B9002084F83C00FE
:10425000204600F025F8022084F83D00211D20684A
:1042600001F032FD012084F8460000BF84F83E00D2
:1042700001213F200155402001554120015500BF3B
:1042800000BF012084F8420043200155442001551D
:104290004520015500BF012084F83D000020D0E7F3
:1042A00010B586B00446142101A8FCF7C7F92F49C0
:1042B000206888420FD100BF002000902C48006881
:1042C00040F001002A4908600846006800F001003B
:1042D000009000BF48E027492068884211D100BF04
:1042E000002000902248001F006840F00200204992
:1042F000091F08600846006800F00200009000BF37
:1043000032E01D49206888422ED100BF0020009075
:104310001748006840F00200154908600846006828
:1043200000F00200009000BF00BF00BF002000901E
:104330000F481438006840F004000D491439086033
:104340000846006800F00400009000BF00BF402055
:104350000190022002900020039004900320059019
:1043600001A90648FDF76EFD06B010BD0000014032
:1043700044380240000400400004014000080240AC
:10438000704710B504462068B0F1804F01D1FDF7A9
:104390005FFE10BD70477047704700002DE9F84F71
:1043A0000446206805682068C668206847694FF0A1
:1043B0000009CA4605F00F09B9F1000F0AD105F04E
:1043C000200038B106F0200020B1204601F052FE56
:1043D000BDE8F88FB9F1000F7CD007F0010018B9E3
:1043E00006F49070002875D005F0010030B106F495
:1043F000807018B1606C40F00100606405F004004A
:1044000030B107F0010018B1606C40F00200606448
:1044100005F0020030B107F0010018B1606C40F007
:104420000400606405F0080048B106F0200010B9EF
:1044300007F0010018B1606C40F008006064606C27
:10444000002846D005F0200028B106F0200010B169
:10445000204601F00FFE20684069C0F3801A606CAE
:1044600000F0080010B9BAF1000F2DD0204601F07D
:10447000BBFD2068406900F04000402820D100BF0B
:1044800000BF2168143151E8001F21F0400021686D
:10449000143141E80002002AF3D100BFE06B50B1B3
:1044A0007F48E16B0865E06BFDF7FEFA88B1E06BD1
:1044B000016D88470DE02046FFF76EFF09E009E037
:1044C0002046FFF769FF04E02046FFF765FF002064
:1044D00060647DE7206B012878D105F0100000288A
:1044E00074D006F010000028FAD000BF0020009021
:1044F00020680068009020684068009000BF00BFFE
:104500002068406900F04000402870D1E06B0068EE
:1045100040681FFA80F8B8F1000F58D0A08D4045D0
:1045200055DDA4F82E80E06BC069B0F5807F43D0E4
:1045300000BF00BF21680C3151E8001F21F48070DA
:1045400021680C3141E80002002AF3D100BF00BF0E
:1045500000BF2168143151E8001F21F001002168DB
:10456000143141E80002002AF3D100BF00BF00BFB0
:104570002168143151E8001F21F0400021681431F6
:1045800041E80002002AF3D100BF202084F8420055
:104590000020206300BF00BF21680C3151E8001FDC
:1045A00021F0100021680C3141E80002002AF3D10B
:1045B00000BFE06BFDF722FA02206063A08DE28D60
:1045C000801A81B22046FFF7E6FE0EE052E0A08D91
:1045D00040450AD1E06BC069B0F5807F05D102206B
:1045E0006063A18D2046FFF7D6FEF1E6FFE7A08DC0
:1045F000E18D401A1FFA80F8E08DD0B3B8F1000FBA
:1046000037D000BF00BF21680C3151E8001F21F4F2
:10461000907021680C3141E80002002AF3D100BFFC
:1046200000BF00BF2168143151E8001F21F00100D4
:104630002168143141E80002002AF3D100BF202094
:1046400084F842000020206300BF00BF21680C31C5
:1046500051E8001F21F0100021680C3141E80002F0
:10466000002AF3D100BF0220606341462046FFF7D5
:1046700092FEADE605F0800030B106F0800018B182
:10468000204601F08BFEA3E605F0400030B106F0B5
:10469000400018B1204601F0DDFC99E600BF97E626
:1046A000D75F000810B504460CB9012010BDA06901
:1046B00000B100E000BF94F8410028B9002084F860
:1046C0004000204600F02AF8242084F841002068A9
:1046D000C06820F400502168C860204601F048FD01
:1046E0002068006920F490402168086120684069D2
:1046F00020F02A00216848612068C06840F400501A
:104700002168C86000206064202084F8410084F89B
:1047100042000020606300BFC8E7000010B586B00B
:104720000446142101A8FBF789FFC249206888428A
:104730007ED100BF00200090BF48006840F010000C
:10474000BD4908600846006800F01000009000BFF6
:1047500000BF00BF00200090B7481438006840F048
:104760000200B549143908600846006800F00200EC
:10477000009000BF00BF00BF002000900846006806
:1047800040F0010008600846006800F00100009059
:1047900000BF00BF80200190022002900020039003
:1047A000032004900720059001A9A448FDF74AFBC7
:1047B0004FF400700190022002900020039003202B
:1047C00004900720059001A99D48FDF73BFB9D48FB
:1047D0009D4908604FF00060486000219A48816060
:1047E000C1604FF480610161002141618161C1615B
:1047F0004FF44031016200214162FDF789FA08B1AE
:10480000FCF70BFA00BF9048E063846300BF8D485B
:1048100030308E4908604FF00060486040218B487E
:1048200081600021C1604FF480610161002100E0DE
:104830001AE041618161C1614FF4403101620021A0
:104840004162FDF765FA08B1FCF7E7F900BF7F4860
:10485000A063846300BF002205212520FDF7BAFC78
:104860002520FDF7A3FCE3E07949206888425BD16D
:1048700000BF002000907048001F006840F48020B6
:104880006D49091F08600846006800F48020009008
:1048900000BF00BF00BF00200090674814380068C8
:1048A00040F004006449143908600846006800F0CC
:1048B0000400009000BF00BF4FF440600190022050
:1048C000029000200390032004900720059001A986
:1048D0006048FDF7B7FA6048604908604FF0006033
:1048E000486000215D488160C1604FF480610161D2
:1048F000002141618161C1614FF4003101620021F9
:104900004162FDF705FA08B1FCF787F900BF53488B
:10491000E063846300BF002205212720FDF75AFCD5
:104920002720FDF743FC83E04D49206888427FD172
:1049300000BF002000904048006840F020003E4941
:1049400008600846006800F02000009000BF00BF2B
:1049500000BF0020009038481438006840F0400044
:104960003549143908600846006800F0400000909E
:1049700000BF00BF4FF4844001900220029000204D
:104980000390032004900820059001A93548FDF705
:1049900059FA2C4860383449086080054860002185
:1049A00031488160C1604FF4806101610021416143
:1049B0008161C1614FF40031016204214162032130
:1049C00081620021C1620163FDF7A2F908B1FCF721
:1049D00024F900BF2448E063846300BF19481830FD
:1049E000224908604FF02060486040211F488160E4
:1049F0000021C1604FF4806101610021416181614A
:104A0000C1614FF48031016200214162FDF780F9FC
:104A100008B1FCF702F900BF1448A063846300BF2B
:104A2000002205214720FDF7D5FB4720FDF7BEFBFF
:104A300006B010BD0010014044380240000402409E
:104A400000000240886402403008002090080020E6
:104A5000004800400008024028600240F0080020A2
:104A6000001401400018024050090020B009002045
:104A70007047704700BFFEE710B500BF012004F08B
:104A8000D1FAFBE730B50B46002100BF16E00A243F
:104A9000B4EB107F05D9302404EB107403F81140F7
:104AA00005E0412404EB10740A3C03F811400001B6
:104AB00000254C00641C1D554C1CE1B29142E6DB04
:104AC00030BD00001FB500200090019002900390BF
:104AD0001548164908604FF400304860002113481B
:104AE00081600161017680F82010C1621049816205
:104AF0000021C1600121C161002180F83010012135
:104B00004161FCF76DF908B1FCF787F810200090BF
:104B1000012001900020029069460448FCF79AF8B1
:104B200008B1FCF77AF81FBD00200140E80300201F
:104B30000100000F10B510481049086003204860BC
:104B400000210E488160C1604FF4102101614FF4D3
:104B50000011416100210176012141760021817619
:104B60000121C176002101774177FCF7C3FC08B130
:104B7000FCF753F810BD0000006400403004002032
:104B800010B51048104908600320486000210E4805
:104B90008160C1604FF4102101614FF40011416147
:104BA0000021017601214176002181760121C17623
:104BB000002101774177FCF79DFC08B1FCF72DF847
:104BC00010BD0000006800405804002010B50548E2
:104BD000054908600846FCF7E6FE08B1FCF71DF839
:104BE00010BD0000003002402000002008B500BFCA
:104BF000002000902A48006840F48000284908609E
:104C00000846006800F48000009000BF00BF00BFAD
:104C1000002000900846006840F400100860084634
:104C2000006800F40010009000BF00BF00220521C2
:104C30000C20FDF7CFFA0C20FDF7B8FA0022052171
:104C40003920FDF7C7FA3920FDF7B0FA0022052117
:104C50003A20FDF7BFFA3A20FDF7A8FA0022052115
:104C60003B20FDF7B7FA3B20FDF7A0FA0022052113
:104C70004420FDF7AFFA4420FDF798FA0022052101
:104C80004520FDF7A7FA4520FDF790FA00220521FF
:104C90004620FDF79FFA4620FDF788FA08BD000080
:104CA0003038024000B5B1B01C222A492AA8FBF7CF
:104CB00071FC00212AA804F0C6F9274908601C22CB
:104CC00024491C3123A8FBF765FC002123A804F02C
:104CD000BAF9224908601C221E4938311CA8FBF78A
:104CE00059FC00211CA804F0AEF91D4908601C22E3
:104CF0001849543115A8FBF74DFC002115A804F004
:104D0000A2F9184908601C22124970310EA8FBF75D
:104D100041FC00210EA804F096F9134908601C22FA
:104D20000C498C3107A8FBF735FC002107A804F0DB
:104D30008AF90E4908601C220649A8316846FBF72B
:104D400029FC0021684604F07EF90949086031B069
:104D500000BD0000A89F0008000000200400002003
:104D6000080000200C00002010000020140000208B
:104D70001800002000B587B0142102A8FBF75EFCE4
:104D800000BF002001907A48006840F00200784996
:104D900008600846006800F00200019000BF00BFF4
:104DA00000BF002001900846006840F04000086005
:104DB0000846006800F04000019000BF00BF00BF3F
:104DC000002001900846006840F001000860084695
:104DD000006800F00100019000BF00BF00BF00208C
:104DE00001900846006840F0080008600846006826
:104DF00000F00800019000BF00BF00BF002001903C
:104E00000846006840F0040008600846006800F0AA
:104E10000400019000BF00BF00BF002001900846C1
:104E2000006840F4807008600846006800F48070F4
:104E3000019000BF00BF00BF00200190084600683D
:104E400040F0800008600846006800F08000019093
:104E500000BF00BF00BF002001900846006840F07E
:104E6000200008600846006800F02000019000BFA4
:104E700000BF00BF002001900846006840F010000D
:104E800008600846006800F01000019000BF00BFF5
:104E9000012210213748FDF7CFF8012241F201012C
:104EA0003548FDF7C9F80120029000200390012049
:104EB000049002A92F48FCF7C5FF102002900120A2
:104EC000039004900220059002A92A48FCF7BAFF3B
:104ED000302002904FF4041003900120049002A9A6
:104EE0002648FCF7AFFF012002904FF40410039016
:104EF0000120049002A92248FCF7A4FF4FF480503F
:104F00000290012003900490059002A91A48FCF732
:104F100099FF01200290039004900220059002A9BD
:104F20001548FCF78FFF4FF440400290002003909B
:104F30000220049002A91048FCF784FF00220521FA
:104F40000620FDF747F90620FDF730F9002205217C
:104F50000A20FDF73FF90A20FDF728F90022052174
:104F60001720FDF737F91720FDF720F907B000BD2E
:104F700030380240000002400004024000080240B5
:104F80000018024010B50548054908600846FEF7BC
:104F9000F5FB08B1FBF741FE10BD0000000806500C
:104FA0008004002010B50F480F4908604FF482704C
:104FB000486000210C488160C1600221016101212B
:104FC0004161490281613821C16100210162416270
:104FD00081620A21C162FEF705FC08B1FBF71DFEE4
:104FE00010BD0000003001409004002000B587B0E3
:104FF0001C216846FBF722FB154816490860002073
:10500000486000211348816041F28731C16000216E
:1050100001618161FEF78CFD08B1FBF7FEFD0D48D3
:10502000FFF70BF908B1FBF7F8FD602000900020B6
:10503000019002900490002269460648FFF77BF831
:1050400008B1FBF7EAFD0348FEF780FF07B000BD9B
:10505000004401401007002000B591B000200F90DF
:1050600010901C2108A8FBF7E9FA20216846FBF7FD
:10507000E5FA244824490860A72048600021224816
:10508000816044F61F61C16000210161416181615D
:10509000FFF7D3F808B1FBF7C0FD00200F90109088
:1050A0000FA91948FEF7EAFC08B1FBF7B6FD60202E
:1050B00008904FF47A70099000200A900B900C90A1
:1050C0000D900E90002208A90F48FFF734F808B1A0
:1050D000FBF7A3FD00200090019002900390049044
:1050E0004FF4005005900020079069460648FEF7EF
:1050F0008BFC08B1FBF791FD0348FEF727FF11B0C9
:1051000000BD000000000140A805002000B589B0E6
:105110000020079008901C216846FBF78FFA18487A
:10512000184908600020486000211648816042F25A
:10513000CF01C160002101618161FFF77EF808B1F4
:10514000FBF76BFD00200790089007A90D48FEF7BC
:1051500095FC08B1FBF761FD6020009000200190F4
:1051600002900490082269460648FEF7E4FF08B161
:10517000FBF753FD0348FEF7E9FE09B000BD000050
:1051800000040040F005002000B58DB0002009901B
:105190000A900B900C90079008901C216846FBF732
:1051A0004DFA204820490860A720486000211E4889
:1051B00081604FF6FF71C160002101618161FEF7DE
:1051C000B7FC08B1FBF729FD4FF48050099009A9FD
:1051D0001548FEF77DFD08B1FBF71FFD1248FFF7EC
:1051E0002CF808B1FBF719FD00200790089007A9DB
:1051F0000D48FEF743FC08B1FBF70FFD602000905F
:105200000020019002900490082269460648FEF7AB
:1052100092FF08B1FBF701FD0348FEF797FE0DB0C2
:1052200000BD0000000800403806002000B58DB029
:10523000002009900A900B900C90079008901C2178
:105240006846FBF7FBF928482849086000204860B9
:105250000021264881604FF6FF71C1600021016185
:105260008161FEF765FC08B1FBF7D7FC4FF4805075
:10527000099009A91D48FEF72BFD08B1FBF7CDFCED
:105280001A48FEF7DAFF08B1FBF7C7FC00200790C9
:10529000089007A91548FEF7F1FB08B1FBF7BDFC24
:1052A0006020009000200190029004900022694646
:1052B0000E48FEF740FF08B1FBF7AFFC0422694639
:1052C0000A48FEF738FF08B1FBF7A7FC0822694639
:1052D0000648FEF730FF08B1FBF79FFC0348FEF7D6
:1052E00035FE0DB000BD0000000C0040800600201F
:1052F00000B591B000200F9010901C2108A8FBF77A
:105300009DF920216846FBF799F924482449086053
:10531000A720486000212248816040F69C71C1604E
:1053200000210161416180218161FEF786FF08B1A2
:10533000FBF773FC00200F9010900FA91848FEF7A0
:105340009DFB08B1FBF769FC602008904FF47A7070
:10535000099000200A900B900C900D900E9008225E
:1053600008A90F48FEF7E7FE08B1FBF756FC00203E
:10537000009001900290039004904FF4005005902B
:105380000020079069460648FEF73EFB08B1FBF790
:1053900044FC0348FEF7DAFD11B000BD00040140F3
:1053A000C806002010B50B480B4908604FF4612077
:1053B0004860002108488160C16001610C214161A1
:1053C00000218161C161FFF76DF908B1FBF725FC90
:1053D00010BD0000001001405807002010B50B4818
:1053E0000B4908600B484860002109488160C16092
:1053F0004FF4806101610421416100218161C1613B
:10540000FFF750F908B1FBF708FC10BD0048004059
:10541000A0070020A086010010B50B480B490860CA
:105420004FF4E1304860002108488160C1600161AB
:105430000C21416100218161C161FFF733F908B19D
:10544000FBF7EBFB10BD000000140140E807002053
:1054500010B500220D490E4801F023FE08B1FBF7FC
:10546000DCFB0C490A4802F05EF908B1FBF7D5FBFA
:105470000949074801F048FA08B1FBF7CEFB044898
:1054800002F054FA08B1FBF7C8FB10BD2800002059
:10549000580A0020140100207800002000BFFEE719
:1054A00000BFFEE770B505460C4635B12CB1A278B9
:1054B0002188284600F02BF808B1002070BDE07864
:1054C00000F041F806460EB90020F7E73046FAF73B
:1054D0004FFF6060606808B90020EFE73146606800
:1054E000FBF78AF82868E0602C60A888401CA88038
:1054F0000120E3E710B50820FAF73AFF04460CB99B
:10550000002010BD00202060A0802046F9E710B5E3
:1055100003460C460BB1186808B9002010BD196885
:105520000DE00888A04204D18878904201D1084655
:10553000F4E7C86808B1C96801E00020EEE7002977
:10554000EFD10020EAE70146092914D2DFE801F093
:105550000506090C070A0D0E100000BF00BF012050
:10556000704700BF0220FBE700BF00BF0420F7E741
:105570004FF48070F4E70020F2E770B504460D4662
:105580001646324629462046FFF7C1FF70BD2DE979
:10559000F0470746884691461D464A4641463846EA
:1055A000FFF7B5FF06462EB915B90020BDE8F08714
:1055B0000020FBE7F078FFF7C6FF04460CB9002097
:1055C000F4E7224629467068FAF79FFF0120EDE7CD
:1055D0002DE9F05F0746884691461D46DDF828A074
:1055E00017B90020BDE8F09F1020FAF7C1FE04466D
:1055F0000CB90020F6E7A4F8008084F80290E5706A
:10560000002060600B9820720C9860720020E060AF
:1056100021463846FFF746FF06467EB1BAF1000F35
:105620000CD02846FFF78FFF8346BBF1000F04D054
:105630005A4651466068FAF768FF00BF3046D1E726
:105640007FB5054615B9002004B070BD00240020C8
:105650000390012003AACDE900200423002242F296
:10566000906102902846FFF7B3FF0443012003AA8C
:10567000CDE900200623002246F28101029028464F
:10568000FFF7A6FF0443012003AACDE9002005236C
:10569000002246F2400102902846FFF799FF04439A
:1056A000012003AACDE900200346002246F2600152
:1056B00002902846FFF78CFF04430020012103AA33
:1056C0000323CDE900210290024646F263012846F9
:1056D000FFF77EFF04430020012103AA0223CDE946
:1056E00000210290024646F278012846FFF770FF3B
:1056F00004430020012103AA0323CDE900210290E5
:10570000024646F26C012846FFF762FF044301207F
:1057100003AACDE900200423002246F27E01029074
:105720002846FFF755FF0443012003AACDE90020D6
:105730000323002246F27A0102902846FFF748FF31
:105740000443012003AACDE900200623002246F2EB
:10575000FF0102902846FFF73BFF0443012003AA04
:10576000CDE900200223002246F271010290284672
:10577000FFF72EFF0443012003AACDE900200523F3
:1057800000224FF4C14102902846FFF721FF044355
:10579000012003AACDE900200523024646F2F901C3
:1057A00002902846FFF714FF0443012003AACDE925
:1057B00000200523022246F2F90102902846FFF755
:1057C00007FF0443012003AACDE90020022302467B
:1057D00046F2FB0102902846FFF7FAFE04430CB99B
:1057E000012031E700202FE710B50248FCF711FF38
:1057F00010BD0000341F00202DE9F04704460D467F
:1058000026683746D6F8408007F5306000EB451033
:10581000D0F80890104880450BD909F40040B0F545
:10582000004F06D14FF4004107F5306000EB451002
:1058300081602046FDF7A8FB0748804508D9A0797C
:10584000012805D104F29C420121206802F026FDC6
:105850000020BDE8F08700000A30544F2DE9F047E2
:1058600005460C46D5F800904E46D9F840A006F5FE
:10587000306000EB4410D0F80880A879012855D199
:1058800008F0080008280FD1434882450BD908F4D6
:105890000040B0F5004F7BD14FF4004106F5306079
:1058A00000EB4410816073E008F02000202806D14E
:1058B000202106F5306000EB4410816068E008F0BC
:1058C0002800002864D1344882450CD908F40040EF
:1058D000B0F5004F07D14FF4004106F5306000EB02
:1058E0004410816054E004EBC40105F5157000EB31
:1058F000810706F5306000EB4410396A0069C0F397
:105900001200081A786164B9386930B905F29C420E
:105910000121286802F0C2FC03E07969F8680844B4
:10592000F860E1B22846FCF7EBFC31E01B48824509
:105930001BD108F40040B0F5004F07D14FF40041EF
:1059400006F5306000EB4410816021E008F0200093
:10595000202805D1202106F5306000EB441081603D
:10596000E1B22846FCF7CCFC12E06CB904EBC401B0
:1059700005F5157000EB8100006928B905F29C421D
:105980000021286802F08AFCE1B22846FCF7B8FC46
:105990000020BDE8F08700000A30544F0A31544F10
:1059A0002DE9F84F07460E46D7F80090C84606EB9B
:1059B000C60107F1140000EB8104D4E90410884209
:1059C00002D90120BDE8F88FD4E90401451AA06886
:1059D000A84200D2A568E81C4FEA900A17E0D4E973
:1059E0000401451AA068A84200D2A568E81C4FEA45
:1059F000900AB879ABB2F2B200904846E16803F081
:105A000015F9E0682844E06060692844606108F5A1
:105A1000106000EB4610806980B2504506D3D4E98F
:105A20000410884202D220690028D8D1D4E90401A8
:105A300088420ED806F00F01012000FA01FB40F663
:105A4000340050F8080020EA0B0040F6340141F819
:105A500008000020B6E72DE9FC4107460C46154634
:105A60001E4600202B4622464021CDE9000638463E
:105A700000F002F8BDE8FC812DE9F04F89B0064640
:105A80000F4614461D46DDE9128906F5C0600290F6
:105A900000200490059008200690402F1FD1402040
:105AA0008DF80000E0B28DF80100200A8DF80200A8
:105AB0008DF80350042003E000210DF80010401C75
:105AC0000828F9DB08AB6A4602A92A48FBF7EBF97C
:105AD00018B9012009B0BDE8F08F0020FAE74FF0B7
:105AE000000BDA46B9F1070F17D2DFE809F0160408
:105AF0000A10050B110000BF4FF02F0B4FF0010AE9
:105B00000DE000BF4FF02B0B4FF0020A07E000BF83
:105B10004FF0230B4FF0040A01E00020DAE700BF4A
:105B20008DF800B0E0B28DF80100200A8DF8020077
:105B30008DF80350B8F1000F05D05246414601A838
:105B4000FAF7E3FC01E00120C4E70AF1040003E0F6
:105B500000210DF80010401C0828F9DB08AB6A464C
:105B600002A90448FBF79FF908B90120B2E7002019
:105B7000B0E70000300400202DE9FC4107460C4648
:105B800015461E46DDF820802B4622460021384669
:105B9000CDE90068FFF770FFBDE8FC8130B5014634
:105BA0000A461378521C147843EA042030BDFFF7EC
:105BB0004FFC00BF012003F035FAFBE710B500BF32
:105BC000502080F31188BFF34F8FBFF36F8F00BF5A
:105BD00004F0BEF818B14FF080500449086000BFCF
:105BE000002080F3118800BF10BD000004ED00E02C
:105BF00000B593B0302107A8FAF720FD142102A8C0
:105C0000FAF71CFD00BF002001902448006840F016
:105C10008050224908600846006800F080500190DA
:105C200000BF00BF00BF002001901D48006840F485
:105C300080401B4908600846006800F480400190DD
:105C400000BF00BF012007900004089002200D90C3
:105C500041050E9106210F91A82110910221119169
:105C60000721129107A8FDF73BFB08B1FAF7D5FF12
:105C70000F20029002200390002004904FF4A050C7
:105C800005904FF480500690052102A8FDF7C6F953
:105C900008B1FAF7C2FF13B000BD0000403802405F
:105CA000007000400348006840F47000014908603B
:105CB0007047000088ED00E010B50248FEF78FF84D
:105CC00010BD0000100A002010B502682B4B98424E
:105CD0000ED0B0F1804F0BD0294B984208D0294B01
:105CE000984205D0284B984202D0284B984203D1C5
:105CF00022F070024B681A43204B984220D0B0F13A
:105D0000804F1DD01E4B98421AD01E4B984217D080
:105D10001D4B984214D01D4B984211D01C4B9842F9
:105D20000ED01C4B98420BD01B4B984208D01B4BFB
:105D3000984205D01A4B984202D01A4B984203D190
:105D400022F44072CB681A4322F080034C6943EA84
:105D500004028B68C3620B688362084B984202D0CE
:105D60000A4B984201D10B690363036843F00403B3
:105D7000036001234361026010BD00000000014088
:105D80000004004000080040000C004000040140F6
:105D9000004001400044014000480140001800401C
:105DA000001C00400020004030B50C46816821F402
:105DB0007F4142EA032525432943816030BD0A46DD
:105DC000816821F0700142F0070319438160704738
:105DD00030B5026A056A25F00105056243688469E9
:105DE00024F0700424F003040D682C4322F0020216
:105DF0008D682A43104DA84200D103E00F4DA84200
:105E000006D100BF22F00802CD682A4322F0040226
:105E1000094DA84202D0094DA84207D123F480734E
:105E200023F400734D692B438D692B4343608461D8
:105E30004D684563026230BD00000140000401402E
:105E400030B5026A056A25F0100505624368846969
:105E500024F4E04424F440740D6844EA052422F05C
:105E600020028D6842EA0512124DA84200D103E0DB
:105E7000114DA84207D100BF22F08002CD6842EA4E
:105E8000051222F040020B4DA84202D00A4DA84252
:105E900009D123F4806323F400634D6943EA850349
:105EA0008D6943EA8503436084614D6885630262BE
:105EB00030BD0000000001400004014030B5026A1E
:105EC000056A25F4807505624368C46924F070048E
:105ED00024F003040D682C4322F400728D6842EA1A
:105EE0000522124DA84200D103E0114DA84207D16E
:105EF00000BF22F40062CD6842EA052222F48062EB
:105F00000A4DA84202D00A4DA84209D123F4805379
:105F100023F400534D6943EA05138D6943EA0513E1
:105F20004360C4614D68C563026230BD000001403A
:105F30000004014030B5036A056A25F48055056206
:105F40004468C26922F4E04222F440720D6842EAD9
:105F5000052223F400538D6843EA0533084DA84217
:105F600002D0084DA84204D124F480444D6944EA8B
:105F700085144460C2614D680564036230BD000051
:105F8000000001400004014030B50B461446026A8F
:105F9000056A25F001050562816921F0F00141EAF9
:105FA000041122F00A021A438161026230BD30B549
:105FB0000B461446026A056A25F0100505628169E0
:105FC00021F4704141EA043122F0A00242EA0312B6
:105FD0008161026230BD70B50446A56B0020E88582
:105FE0002846FEF7D9F970BD00BF00BF02680C3229
:105FF00052E8002F22F4907102680C3242E800133C
:10600000002BF3D100BF00BF00BF0268143252E87A
:10601000002F22F001010268143242E80013002B25
:10602000F3D100BF016B01290ED100BF00BF026890
:106030000C3252E8002F22F0100102680C3242E8C4
:106040000013002BF3D100BF202180F84210002163
:106050000163704710B504462068C06820F0400016
:106060002168C860202084F841002046FEF701FD29
:10607000002010BDF8B504460025002694F8420023
:10608000222873D1A068B0F5805F0BD1206948B990
:10609000A66A20684068C0F308003080A06A801CAF
:1060A000A06214E0A56AA068B0F5805F03D0A06884
:1060B00028B9206918B920684068287004E0206871
:1060C000406800F07F002870A06A401CA062E08D4C
:1060D000401E80B2E085002846D12068C06820F0CC
:1060E00020002168C8602068C06820F480702168A2
:1060F000C8602068406920F00100216848612020C4
:1061000084F8420000206063206B012826D1002023
:10611000206300BF00BF21680C3151E8001F21F04F
:10612000100021680C3141E80002002AF3D100BFC1
:106130002068006800F0100010280AD100BF00207D
:10614000009020680068009020684068009000BFC0
:1061500000BFA18D2046FEF71EF902E02046FEF7A3
:1061600087FC0020F8BD01E00020FBE70220F9E7F2
:106170002DE9F84F04462068006920F44050E1689A
:106180000843216808612169A068084361690843E0
:10619000E169084300902068C06849F20C618843B7
:1061A000009908432168C8602068406920F4407065
:1061B000A16908432168486176492068884203D074
:1061C00075492068884203D1FDF722F8814602E034
:1061D000FDF70EF88146E069B0F5004F6CD1022062
:1061E0006168A0FB015003461920A9FB007001461D
:1061F0002A463846FAF712F96421B0FBF1F04FEA6B
:10620000001A02206168A0FB01510B461920A9FB6E
:1062100000712A463846FAF701F983460220616880
:10622000A0FB015003461920A9FB00712A463846FD
:10623000FAF7F4F86421B0FBF1F000EBC00101EBD8
:106240000010ABEB8000322101EBC0006421B0FBF9
:10625000F1F000F0F8000AEB400A02206168A0FBB0
:10626000015003461920A9FB007001462A46384612
:10627000FAF7D4F8834602206168A0FB0150034678
:106280001920A9FB00712A463846FAF7C7F864219D
:10629000B0FBF1F000EBC00101EB0010ABEB8000B4
:1062A000322101EBC0006421B0FBF1F000F00700E7
:1062B0005044216888606AE004206168A0FB0150B6
:1062C00003461920A9FB007001462A463846FAF712
:1062D000A5F8824604206168A0FB015003461920FE
:1062E000A9FB007001462A463846FAF797F8642160
:1062F000B0FBF1F000EBC00101EB0010AAEB800055
:10630000322101EB00106421B0FBF1F000F0F00A43
:1063100004206168A0FB017003461920A9FB00510D
:106320003A462846FAF77AF86421B0FBF1F00AEB16
:10633000001A04206168A0FB01510B461920A9FB3B
:1063400000712A463846FAF769F8834604206168E6
:10635000A0FB015003461920A9FB007001462A4604
:106360003846FAF75BF86421B0FBF1F000EBC001AE
:1063700001EB0010ABEB8000322101EB0010642137
:10638000B0FBF1F000F00F00504421688860BDE8D8
:10639000F88F00000010014000140140014691F800
:1063A0004100212828D18868B0F5805F0BD10869A9
:1063B00048B90A6A1088C0F308000B685860086A78
:1063C000801C086205E00B6A581C086218780B688C
:1063D0005860C88C401E80B2C88458B90868C0682C
:1063E00020F080000B68D8600868C06840F040006A
:1063F0000B68D860002070470220FCE710B5024807
:10640000FDF7CCFF10BD0000580700202DE9F0413A
:1064100004460D46D4F8C87204F53070D4F8D4128E
:1064200050F8210010B90320BDE8F08104F5307068
:10643000D4F8D41250F8216005F00F0000EB800171
:1064400004F1140050F8210028B305F00F0000EB10
:10645000800104F1140050F8211005F00F0000EB4A
:10646000C00207F1140000EB82008068B1FBF0F27B
:1064700000FB121078B9002105F00F0000EB80023C
:1064800004F1140040F8221000231A462946204641
:1064900001F016F917E00020C6F8140204F5317077
:1064A000D4F8D41250F82100006960B1D6F808027F
:1064B00004F53171D4F8D42251F822102A460B6920
:1064C00006F5047198470020AEE770B504460E4605
:1064D00004F53070D4F8D41250F82150D4F8D41206
:1064E00050F8210008B9032070BD3146204600F065
:1064F0003EFFC5F80C02D5F8040204F53171D4F85A
:10650000D43251F82310CA6805F503719047002072
:10651000EAE7000070B504460D4630480178204691
:1065200000F0EFFD00212D48007800F00F0000EB97
:10653000800204F1140000EB8200C1732848017846
:10654000204600F0DEFD00212548007800F00F0015
:1065500000EB800204F5AA7000EB8200C1732148B1
:106560000178204600F0CDFD00211E48007800F0A3
:106570000F0000EB800204F1140000EB8200C173F5
:106580001848007800F00F0000EB800204F11400BE
:1065900000EB8200816004F53070D4F8D41250F81A
:1065A0002100C8B104F53171D4F8D42251F8221079
:1065B0004868804704F53071D4F8D42251F822009D
:1065C00001F0AAFB002104F53070D4F8D42240F881
:1065D00022100020C4F8BC02002070BD8F010020F2
:1065E000900100209101002070B5044604F5307040
:1065F000D4F8D41250F821500DB9032070BD04F521
:106600003170D4F8D41250F8210098B195F80002F6
:10661000FF280FD095F8012295F8000204F531719A
:10662000D4F8D46251F826108B6829469847FF2089
:1066300085F800020020E1E701460A2008800148B1
:1066400070470000080100202DE9F0410446822136
:106650000D4800F072FC054601210B4800F06DFC6E
:1066600006468121084800F068FC07460DB110205D
:10667000A8710EB14020B0800FB14020B8804320F7
:1066800020800148BDE8F0814C0100202DE9F04157
:10669000044682210E4800F050FC054601210C48BA
:1066A00000F04BFC06468121094800F046FC0746F5
:1066B0000DB11020A87116B14FF40070B08017B161
:1066C0004FF40070B880432020800148BDE8F0817D
:1066D0004C0100202DE9F041044682210D4800F0D4
:1066E0002CFC054601210B4800F027FC06468121C1
:1066F000084800F022FC07460DB11020A8710EB129
:106700004020B0800FB14020B88043202080014855
:10671000BDE8F0814C01002070B504460E464FF4F0
:10672000077001F0FBFA054645B9002104F5307009
:10673000D4F8D42240F82210022070BD4FF4077123
:106740002846F9F77BFF04F53070D4F8D41240F8EE
:106750002150D4F8D41250F82100C4F8BC02207C97
:1067600098BB4FF40073022250480178204600F095
:106770009FFE01214D48007800F00F0000EB8002E1
:1067800004F1140000EB8200C1734B02022248485E
:106790000178204600F08CFE01214548007800F089
:1067A0000F0000EB800204F5AA7000EB8200C173B9
:1067B00010214048007800F00F0000EB800204F147
:1067C000140000EB8200816032E0FFE740230222E8
:1067D00036480178204600F06BFE012133480078EE
:1067E00000F00F0000EB800204F1140000EB8200C7
:1067F000C173402302222E480178204600F058FE43
:1068000001212B48007800F00F0000EB800204F516
:10681000AA7000EB8200C17310212648007800F0B6
:106820000F0000EB800204F1140000EB8200816095
:10683000082303221F480178204600F039FE012179
:106840001C48007800F00F0000EB800204F11400F7
:1068500000EB8200C1730020C5F8040204F5317119
:10686000D4F8D42251F82210086880470020C5F8D7
:106870001402C5F81802D5F8040208B902205CE732
:10688000207C48B94FF40073094801782046D5F8B8
:10689000042200F025FE07E0402305480178204649
:1068A000D5F8042200F01CFE002046E78F010020EE
:1068B000900100209101002070B5044604F530706D
:1068C000D4F8D41250F82150D4F8D41250F8210042
:1068D00008B9032070BD207C48B94FF40073094803
:1068E00001782046D5F8042200F0FAFD07E04023A5
:1068F000044801782046D5F8042200F0F1FD00207C
:10690000E8E7000090010020024609B90320704723
:1069100002F53170D2F8D43240F823100020F6E7A7
:1069200010B5024602F53070D2F8D44250F8243047
:106930000BB9032010BDC3F804120020FAE730B5EC
:1069400003460C4603F53070D3F8D45250F82510A6
:1069500009B9032030BDC1F80842C1F81022002057
:10696000F8E72DE9FC4105460C4605F53070D5F8F1
:10697000D41250F82160002001900090804616B992
:106980000320BDE8FC81207800F0600000283DD0A5
:1069900020287CD1E08868B3207800F08000B8B16E
:1069A000E288607805F53171D5F8D4C251F82C1021
:1069B0008B6831469847E088072801D9072000E016
:1069C000E08807463A463146284600F0E5F81CE0E4
:1069D000607886F80002E088402801D2E08800E074
:1069E000402086F8010296F801223146284600F040
:1069F000AFF80AE0607805F53171D5F8D42251F886
:106A0000221000228B682146984747E0607830B119
:106A1000012832D00A2813D00B282FD121E095F875
:106A20009C02032805D102226946284600F0B4F8EA
:106A300005E02146284600F07FF84FF0030824E0E7
:106A400095F89C02032805D1012201A9284600F0EF
:106A5000A3F805E02146284600F06EF84FF0030841
:106A600013E095F89C02032805D02146284600F043
:106A700063F84FF0030808E009E006E021462846E5
:106A800000F05AF84FF0030800BF00BF06E02146AF
:106A9000284600F051F84FF0030800BF00BF404601
:106AA0006FE770B504460D460026D4F8B8022946B3
:106AB00042682046904700B10326304670BD70B54D
:106AC00004460D4694F89C02012804D0022803D005
:106AD00003280CD101E000BF00BF6888012805D160
:106AE0000020C4F8A402204600F068F804E029461B
:106AF000204600F021F800BF00BF70BD0246002014
:106B0000704702460020704770B506460C46154691
:106B10002B4622460021304600F0E2FC002070BDEA
:106B200070B506460C4615462B46224600213046D7
:106B300000F0C6FD002070BD70B504460D468021F2
:106B4000204600F08DFD0021204600F089FD70BD3B
:106B500070B504460E4615460320C4F89402C4F8E6
:106B600054514FF4B27006514FF4AC7005512B469E
:106B700032460021204600F0B3FC002070BD10B565
:106B800004460520C4F8940200231A4619462046FC
:106B900000F0A6FC002010BD70B504460E46154658
:106BA0000220C4F8940265616662A5612B463246F4
:106BB0000021204600F084FD002070BD10B5044681
:106BC0000420C4F8940200231A461946204600F017
:106BD00077FD002010BD000070B505460C462DB9AC
:106BE0002246064906A000F012FA04E022460349B4
:106BF00003A000F00CFA014870BD0000340D002025
:106C000043444320436F6E666967000002461220CA
:106C100008800148704700004400002070B5054618
:106C20000C462DB92246064906A000F0F0F904E012
:106C30002246034903A000F0EAF9014870BD0000B4
:106C4000340D002043444320496E746572666163CD
:106C500065000000024604200880014870470000DB
:106C60005800002070B505460C462246024903A094
:106C700000F0CDF9004870BD340D002053544D692B
:106C800063726F656C656374726F6E696373000025
:106C900070B505460C462DB92246064906A000F0FF
:106CA000B6F904E02246034903A000F0B0F9014818
:106CB00070BD0000340D002053544D33322056690E
:106CC000727475616C20436F6D506F7274000000B8
:106CD00070B505460C461A202080F9F7A1FF01483F
:106CE00070BD00005C00002070B504460D46E888C9
:106CF000012804D029462046FFF71EFF1EE094F825
:106D00009C02012804D0022803D0032810D109E0F6
:106D100000BF0020A060012204F108012046FFF717
:106D20003BFF0AE00122211D2046FFF735FF04E06A
:106D300029462046FFF700FF00BF00BF70BDF8B531
:106D400004460E460020009000270025708800129F
:106D5000082875D2DFE800F0C7040C20C7C7A5B526
:106D6000207CD4F8B4120A68694690470746C1E00F
:106D7000207C40B9D4F8B802816A68468847074643
:106D80000220787007E0D4F8B802C16A68468847E4
:106D9000074602207870ADE0B078062878D2DFE8A8
:106DA00000F00316293C5063D4F8B402406838B1AF
:106DB000207CD4F8B4124A6869469047074605E03B
:106DC00031462046FFF7B8FE681CC5B267E0D4F82C
:106DD000B402806838B1207CD4F8B4128A6869465D
:106DE0009047074605E031462046FFF7A5FE681CA0
:106DF000C5B254E0D4F8B402C06838B1207CD4F8ED
:106E0000B412CA6869469047074605E031462046F5
:106E1000FFF792FE681CC5B241E0D4F8B4020069E5
:106E200038B1207CD4F8B4120A6969469047074605
:106E300005E031462046FFF77FFE681CC5B22EE014
:106E400051E0D4F8B402406938B1207CD4F8B412CF
:106E50004A6969469047074605E031462046FFF7F4
:106E60006BFE681CC5B21AE0D4F8B402806940B168
:106E7000207CD4F8B4128A6969469047074606E038
:106E800006E031462046FFF757FE681CC5B206E013
:106E900031462046FFF750FE681CC5B200BF00BF58
:106EA00028E0207C30B9D4F8B802416B68468847A6
:106EB000074605E031462046FFF73EFE681CC5B296
:106EC00018E0207C40B9D4F8B802016B68468847C6
:106ED00007460720787005E031462046FFF72CFE74
:106EE000681CC5B206E031462046FFF725FE681C47
:106EF000C5B200BF00BF05B1F8BDF088C0B1BDF894
:106F0000000080B1F088BDF80010884202DDBDF8B5
:106F1000000000E0F0880090BDF8002039462046CF
:106F2000FFF73AFE07E031462046FFF705FE02E094
:106F30002046FFF743FE00BFDEE72DE9F841054696
:106F40000F462C462E464FF0000870883178884254
:106F500018DD307800900FE06946204600F020F8F8
:106F600004466078052807D1A04698F80200B84288
:106F700000D106E04FF000087088BDF8001088428C
:106F8000EADC00BF4046BDE8F881014600200A4621
:106F900002E0431CD8B2521C1378002BF9D1704781
:106FA00010B5024610460B88047823440B80037802
:106FB000981810BD70B504460D4694F89C0201283F
:106FC00004D0022803D003281AD101E000BF00BF7B
:106FD000E888022804D029462046FFF7ADFD14E0DA
:106FE0000120E060D4F8A40218B1E06840F002008B
:106FF000E060022204F10C012046FFF7CDFD04E021
:1070000029462046FFF798FD00BF00BF70BD2DE95F
:10701000F04107460D46904600240FB9BDE8F081C7
:107020003E463046FFF7B1FF022101EB4000B0F5CC
:10703000007F01D9080204E03046FFF7A6FF4000B8
:10704000801CA8F8000098F800002855601CC4B205
:1070500003202855601CC4B208E030782855761CFF
:10706000601CC4B200202855601CC4B230780028CF
:10707000F3D100BFD2E70146002031B1012906D08B
:10708000022906D0032908D105E0002007E00320EB
:1070900005E0012003E0032001E0032000BF00BF62
:1070A00070472DE9F04104460D46164614B90320F9
:1070B000BDE8F0810020C4F8B802C4F8C402C4F8E6
:1070C000D0020DB1C4F8B452012084F89C0226709D
:1070D000204600F055F907463846E9E72DE9F0412A
:1070E00004460D46002600272946D4F8C802FBF7BF
:1070F00074F906463046FFF7BEFF07463846BDE83E
:10710000F0812DE9F04104460D460026002729466E
:10711000D4F8C802FBF72CF906463046FFF7ABFF60
:1071200007463846BDE8F0812DE9F04705460F4691
:107130009146002F5AD105F11404D5F89402022883
:107140004AD1A1896068884213D9A1896068401A30
:107150006060A1892069084420612846626821692D
:10716000FFF7DEFC00231A461946284600F0B8F95E
:1071700032E0A0896168884217D1A18920688842DD
:1071800013D32068D5F8981288420ED200221146F7
:107190002846FFF7C5FC0020C5F8980200231A46D0
:1071A0001946284600F09CF916E095F89C02032841
:1071B0000BD1D5F8B802C06838B10020C5F8D402A8
:1071C000D5F8B802C168284688478021284600F0D3
:1071D00047FA2846FFF7D3FC95F8A00250B328469B
:1071E00000F0C5FA002085F8A00223E047F08001F6
:1071F0002846FFF783FC0646FF2E1BD0D6B995F82C
:107200009C02032816D105F52E7050F8260040691F
:1072100080B1C5F8D46205F52E7050F826003946C5
:107220004269284690478046B8F1000F02D0404698
:10723000BDE8F0870020FBE72DE9F04705460F4643
:1072400091464FF00008002F55D105F5AA76D5F8E4
:107250009402032873D1B1897068884214D9B18926
:107260007068401A7060B189306908443061B38930
:107270007068984201D9706800E0B08902462846DB
:107280003169FFF741FC5AE095F8AA0200F01F00AF
:1072900020B1012804D0022812D109E0002411E015
:1072A00040F2AE20415D2846FFF72BFC044609E082
:1072B00040F2AE20415D2846FFF720FC044601E085
:1072C000002400BF00BF94B995F89C0203280ED19A
:1072D00005F52E7050F82400006940B1C5F8D4427D
:1072E00005F52E7050F82400016928468847284685
:1072F000FFF764FC23E007F07F012846FFF7FEFB61
:107300000446FF2C1BD0D4B995F89C02032810D159
:1073100005F52E7050F82400806950B1C5F8D442AC
:1073200005F52E7050F824003946826928469047AA
:107330008046B8F1000F02D04046BDE8F08700203B
:10734000FBE701460020704770B504460025012088
:1073500084F89C02D4F8B80238B12179D4F8B80284
:1073600042682046904700B10325284670BD70B59D
:1073700004460D462946D4F8C802FBF76CF870BDE8
:1073800010B50446207800282AD11648C0F8E044F9
:10739000C4F8C8024FF0A0401249086004200871E8
:1073A00002211048C1710021817102214172002126
:1073B0008172C17201738173C173FBF7A1FC08B1C3
:1073C000F9F72BFC80210748FAF757FF40220021EC
:1073D0000448FAF757FF802201210248FAF752FFCA
:1073E000002010BD341F002010B50246D2F8C8326C
:1073F00001F08000802809D101F07F0000EBC0047B
:1074000003F1140000EB8400807810BD01F07F00D0
:1074100000EBC00403F5157000EB84008078F4E7FE
:1074200070B504460D4604F52E70D4F8D41250F809
:10743000210008B9032070BD94F89C02032811D1E3
:1074400004F52E70D4F8D41250F82100006A48B127
:1074500004F52E70D4F8D41250F821002946026A9F
:10746000204690470020E6E770B504460D4604F537
:107470002E70D4F8D41250F8210008B9032070BD42
:1074800094F89C02032811D104F52E70D4F8D4127C
:1074900050F82100406A48B104F52E70D4F8D41297
:1074A00050F821002946426A204690470020E6E72E
:1074B0002DE9F04704460F4615461E464FF00008DA
:1074C000C1462B4632463946D4F8C802FAF7CEFFF9
:1074D00080464046FFF7CFFD81464846BDE8F0872D
:1074E0002DE9F04704460D4616461F464FF00008AA
:1074F000C1463B4632462946D4F8C802FAF7FDFF9A
:1075000080464046FFF7B7FD81464846BDE8F08714
:1075100070B504460025012084F89C020020C4F8C0
:1075200094026060C4F8A40284F8A002D4F8B802FF
:1075300058B1D4F8B802406838B12179D4F8B8020B
:1075400042682046904700B103254023002211469F
:107550002046FFF7ADFF012140F2631001554021A5
:10756000C01E01534023002280212046FFF7A0FFC8
:1075700001212320015540212184284670BD014668
:1075800091F89C02042803D191F89D0281F89C0295
:107590000020704710B5044694F89C0203280BD1D4
:1075A000D4F8B80240B1D4F8B802C06920B1D4F818
:1075B000B802C16920468847002010BD02461174F8
:1075C000002070472DE9F04104460D4600260027B3
:1075D0002946D4F8C802FBF7BDFC06463046FFF743
:1075E0004AFD07463846BDE8F08170B504460D46B1
:1075F000294604F2AA2000F07BF80120C4F8940286
:107600004FF42C70005BC4F8980294F8AA0200F0C2
:107610001F0020B1012809D0022815D10DE004F285
:10762000AA21204600F088F9064616E004F2AA21B5
:10763000204600F01AFB06460FE004F2AA2120467D
:1076400000F0D1F9064608E094F8AA0200F08001A3
:10765000204600F005F8064600BF00BF304670BD6A
:107660002DE9F04104460D46002600272946D4F8AE
:10767000C802FAF765FF06463046FFF7FCFC0746EE
:107680003846BDE8F08170B5044600250026D4F8E0
:10769000C802FBF782FC05462846FFF7ECFC0646CD
:1076A000304670BD014691F89C02042803D091F841
:1076B0009C0281F89D02042081F89C020020704702
:1076C0002DE9F04704460D4616461F464FF00008C8
:1076D000C1463B4632462946D4F8C802FAF775FF40
:1076E00080464046FFF7C7FC81464846BDE8F08724
:1076F00070B505460E46344620782870641C207804
:107700006870641C2046FEF749FA6880641C641C9B
:107710002046FEF743FAA880641C641C2046FEF74E
:107720003DFAE88070BD38B504460D460020009053
:107730000DB9032038BDC4F8B85204F52E70D4F842
:10774000D41250F82100C06A50B104F52E70D4F85C
:10775000D42250F82200C16A68468847C4F8D00293
:10776000D4F8D802401CC4F8D8020020E2E7014651
:107770000020704770B504460D46A88810BBE88805
:1077800000BB688880281DD2A87800F07F0694F896
:107790009C02032804D129462046FFF7CDF915E0C5
:1077A00084F89E6231462046FFF70CFF2046FFF723
:1077B00005FA1EB1022084F89C0207E0012084F83B
:1077C0009C0203E029462046FFF7B6F970BD70B56C
:1077D00004460D460026D4F8B80230B1D4F8B802F9
:1077E00029460268204690470646304670BD000094
:1077F00070B504460E460025B0783D49087008462D
:107800000078012805D931462046FFF795F9032075
:1078100070BD94F89C02022802D0032859D11FE0C1
:1078200033480078C0B13248007860603048017851
:107830002046FFF7CCFF05463DB131462046FFF715
:107840007BF9022084F89C0209E02046FFF7B6F994
:10785000032084F89C0202E02046FFF7AFF943E0E2
:107860002348007870B9022084F89C0220480078F0
:1078700060601F4801782046FFF713F92046FFF7A4
:107880009DF925E01A490978606888421DD0217960
:107890002046FFF706F91648007860601448017822
:1078A0002046FFF794FF05465DB131462046FFF7BD
:1078B00043F921792046FFF7F4F8022084F89C026E
:1078C00006E02046FFF77AF902E02046FFF776F956
:1078D0000AE031462046FFF72FF905480178204697
:1078E000FFF7DFF8032500BF00BF284690E7000040
:1078F0000401002070B505460C466088012805D1BA
:10790000C5F8A4022846FFF759F90EE0608802285E
:1079100007D1A088001285F8A0022846FFF74EF98B
:1079200003E021462846FFF707F970BD10B504466D
:107930002046FFF7A8FE10BD70B504460D46002690
:10794000287800F0600088B1202802D0402842D179
:1079500000E000BF04F52E70D4F8D41250F82100D6
:107960002946826820469047064639E068780A280A
:107970002AD2DFE800F01A24291F290A0529150F49
:1079800029462046FFF7DBF923E029462046FFF78A
:10799000F1FE1EE029462046FFF72AFF064618E0C2
:1079A00029462046FFF7A0F913E029462046FFF7B5
:1079B00001FB0EE029462046FFF79CFF09E029461F
:1079C0002046FFF77CF804E029462046FFF7B4F88C
:1079D00000BF00BF04E029462046FFF7ADF800BF16
:1079E00000BF304670BD2DE9F04705460F464FF009
:1079F00000093C79387800F06000F8B1202802D006
:107A000040287DD100E000BF21462846FFF776F8E8
:107A10000646FF2E11D086B9C5F8D46205F52E7042
:107A200050F82600806840B105F52E7050F8260009
:107A30003946826828469047814612E178780028C6
:107A40007AD001282FD003286ED195F89C02022805
:107A500002D0032820D110E054B1802C08D0214658
:107A60002846FFF7FDFD80212846FFF7F9FD03E0DA
:107A700039462846FFF760F813E0788840B93CB1F2
:107A8000802C05D0F88818B921462846FFF7E8FD74
:107A90002846FFF793F804E039462846FFF74CF8EC
:107AA00000BF00BFD6E095F89C02022802D0032850
:107AB0003BD110E054B1802C08D021462846FFF776
:107AC000CFFD80212846FFF7CBFD03E0394628464D
:107AD000FFF732F82EE0788820BB04F07F0018B161
:107AE00021462846FFF7FAFA2846FFF767F82146AD
:107AF0002846FFF703F80646FF2E13D096B900E09C
:107B0000AAE0C5F8D46205F52E7050F8260080680A
:107B100040B105F52E7050F8260039468268284697
:107B20009047814606E007E08FE039462846FFF798
:107B300003F800BF00BF8DE095F89C02022802D038
:107B400003287BD127E034B1802C04D03946284665
:107B5000FEF7F2FF77E004F08000802808D104F0FF
:107B60007F0000EB800105F1140000EB810007E0CD
:107B700004F07F0000EB800105F5AA7000EB8100A6
:107B80008046002088F80E00022208F10E012846E7
:107B9000FFF702F857E004F0800080280ED104F0CF
:107BA0000F0000EB800105F1140000EB8100C07BA9
:107BB00098B939462846FEF7BFFF44E004F00F00AD
:107BC00000EB800105F5AA7000EB8100C07B20B9B5
:107BD00039462846FEF7B0FF35E004F080008028E3
:107BE00008D104F07F0000EB800105F1140000EBE8
:107BF000810007E004F07F0000EB800105F5AA702A
:107C000000EB810080460CB1802C03D1002088F865
:107C10000E000CE021462846FFF7E6FB20B10120CC
:107C200088F80E0003E009E0002088F80E00022228
:107C300008F10E012846FEF7AFFF04E0394628465A
:107C4000FEF77AFF00BF00BF04E039462846FEF782
:107C500073FF00BF00BF04E039462846FEF76CFF03
:107C600000BF00BF4846BDE8F0872DE9F04105465A
:107C70000E460027307800F0600030B1202802D096
:107C8000402840D100E000BF00BF95F89C020128C9
:107C900004D0022803D003282ED101E000BF00BF8A
:107CA0003079012823D831792846FEF72AFF044687
:107CB000FF2C14D09CB905F52E7050F82400806874
:107CC00058B1C5F8D44205F52E7050F8240031465D
:107CD000826828469047074602E0032700E0032712
:107CE000F08840B93FB92846FEF768FF03E0314607
:107CF0002846FEF721FF04E031462846FEF71CFF28
:107D000000BF00BF04E031462846FEF715FF00BF64
:107D100000BF3846BDE8F0817047000001460148C9
:107D2000704700001824002070B504460B46224618
:107D30001978587801282CD140F61C0080581D78FD
:107D400005F00F060125B540ADB2284340F61C05ED
:107D5000A85002F5106000EB4110006800F40040EC
:107D6000F0BB1889C0F30A001D7940EA854040EA5B
:107D7000815040F0805040F4004002F5106505EB62
:107D800041152D68284302F5106505EB4115286063
:107D90002DE040F61C0080581D7805F00F060125E7
:107DA000B540144E06EA0545284340F61C05A85088
:107DB00002F5306000EB4110006800F4004078B933
:107DC0001889C0F30A001D7940EA854040F08050D0
:107DD00040F4004002F5306505EB41152D6800E0E8
:107DE00005E0284302F5306505EB411528600020C9
:107DF00070BD00000000FFFF01460A464FF410600E
:107E00008058C30ADB024FF41060835040F6040030
:107E1000805840F4807340F604008350002070477F
:107E20000FB470B504469DF81900012818D1A06B55
:107E300020F48030A063E0681B490840E060E068FF
:107E400020F44010E0609DF82000012803D1E06894
:107E500040F48010E060204600F028F8054613E06A
:107E6000E06840F04000E060204600F01FF8054662
:107E70009DF81D0020B9A06B40F48030A06303E0A2
:107E8000A06B20F48030A0639DF81600012807D174
:107E9000A06840F00600A060A06840F02000A0604C
:107EA000284670BC5DF814FBBFFFBDFF08B5014656
:107EB0000020009000BF0098401C00900098B0F196
:107EC000706F01D9032008BD086900F00040002848
:107ED000F1D00A20009002E00098401E0090009827
:107EE0000028F9D1086940F00100086100BF00983E
:107EF000401C00900098B0F1706F01D90320E2E7B8
:107F0000086900F001000028F1D100BFDBE70000A4
:107F100070B504460B46224619785878012848D196
:107F200002F5106000EB4110006800F00040B0F175
:107F3000004F17D102F5106000EB4110006840F0CF
:107F4000006502F5106000EB4110056002F510605D
:107F500000EB4110006840F0804502F5106000EB36
:107F60004110056040F63C0080581D7805F00F0672
:107F70000125B540ADB2A84340F63C05A85040F6F7
:107F80001C0080581D7805F00F060125B540ADB2E4
:107F9000A84340F61C05A85002F5106000EB411004
:107FA00000682B4D284002F5106505EB411528604F
:107FB0004BE002F5306000EB4110006800F000403B
:107FC000B0F1004F17D102F5306000EB41100068AE
:107FD00040F0006502F5306000EB4110056002F5ED
:107FE000306000EB4110006840F0804502F53060E1
:107FF00000EB4110056040F63C0080581D7805F00C
:108000000F060125B540134E06EA0545A84340F684
:108010003C05A85040F61C008558187800F00F0663
:108020000120B0400B4E06EA0040854340F61C009C
:10803000855002F5306000EB41100068064D284085
:1080400002F5306505EB41152860002070BD000089
:10805000007833EC0000FFFF0078F3EF01460A469A
:10806000D2F8000E20F00300C2F8000E40F6040023
:10807000805820F0020340F604008350002070472F
:1080800001460A46D2F8000E20F00300C2F8000EA6
:1080900040F60400805840F0020340F6040083508C
:1080A000002070470FB4F0B5054600272E46002487
:1080B00005E0002105F5827040F82410641C0F2CA7
:1080C000F7D39DF82200A0B940F60400805940F093
:1080D000020140F604008151A86B40F40010A8632F
:1080E000A86B20F40020A863A86B20F48020A8636C
:1080F00007E0A86B20F40010A863A86B40F40020F0
:10810000A8630020C6F8000E9DF81D0001280CD1C0
:108110009DF81B0020B90021284600F00AFD08E068
:108120000121284600F005FD03E00321284600F068
:1081300000FD1021284600F002FC00B1012728466E
:1081400000F0D5FB00B1012700214FF401608151FF
:10815000001D815140F61C00815100242EE006F5DF
:10816000106000EB4410006800F00040B0F1004FD8
:1081700010D13CB94FF0006106F5106000EB4410DF
:1081800001600DE04FF0904106F5106000EB4410E7
:10819000016005E0002106F5106000EB441001606D
:1081A000002106F5106000EB441001614FF67F31AD
:1081B00006F5106000EB44108160641C9DF8180007
:1081C000A042CCD800242EE006F5306000EB44102D
:1081D000006800F00040B0F1004F10D13CB94FF002
:1081E000006106F5306000EB441001600DE04FF0D7
:1081F000904106F5306000EB4410016005E000217D
:1082000006F5306000EB44100160002106F5306097
:1082100000EB441001614FF67F3106F5306000EB52
:1082200044108160641C9DF81800A042CCD84FF423
:108230000160805920F480714FF401608151002069
:10824000A8616FF0804068619DF81A0018B9A869AC
:1082500040F01000A861A8690A490843A8619DF888
:108260001E0018B1A86940F00800A8619DF822001E
:10827000012803D1A86904490843A8613846F0BC25
:108280005DF814FB00383C8004000040014688681B
:1082900020F00100886000207047000070B50346A0
:1082A0000C4619461D6C1848854209D94FF43060B8
:1082B000405800F00040B0F1004F01D1002070BDE7
:1082C0000026C1F8106BD1F8100B40F40026C1F85D
:1082D000106BD1F8100B40F01806C1F8106BD1F8F4
:1082E000100B40F0C046C1F8106B012C09D1C1F849
:1082F000142B4FF43060405840F080264FF430602B
:1083000046500020DBE700000A30544F30B50446E9
:108310000B4622461978587801281ED102F51060C4
:1083200000EB4110006820F4001502F5106000EB2E
:10833000411005601879032802D0187902282AD143
:1083400002F5106000EB4110006840F0805502F526
:10835000106000EB411005601DE002F5306000EB9D
:108360004110006820F4001502F5306000EB411068
:1083700005601879032802D0187902280BD102F57C
:10838000306000EB4110006840F0805502F530602D
:1083900000EB41100560002030BD30B504460B46AF
:1083A000224619785878012821D102F5106000EB97
:1083B0004110006800F0004060B959B102F510604A
:1083C00000EB4110006820F0804502F5106000EBE2
:1083D0004110056002F5106000EB4110006840F4A8
:1083E000001502F5106000EB4110056020E002F579
:1083F000306000EB4110006800F0004060B959B1F6
:1084000002F5306000EB4110006820F0804502F575
:10841000306000EB4110056002F5306000EB411068
:10842000006840F4001502F5306000EB4110056073
:10843000002030BD2DE9F84381460E4690464D465A
:108440003478707801287DD1306920BB05F5106043
:1084500000EB44100069E649084005F5106101EBA6
:108460004411086105F5106000EB4410006940F408
:10847000002105F5106000EB4410016105F5106066
:1084800000EB44100069C10CC90405F5106000EB55
:10849000441001616FE005F5106000EB44100069C5
:1084A000C10CC90405F5106000EB4410016105F52D
:1084B000106000EB44100069CD49084005F51061DB
:1084C00001EB4411086194B9B1683069884201D95F
:1084D000B068306105F5106000EB4410006940F4AD
:1084E000002105F5106000EB4410016135E0B16832
:1084F00030690844401EB0FBF1F087B205F510600A
:1085000000EB44100069BA49C94301EAC741084376
:1085100005F5106101EB44110861307901281CD187
:1085200005F5106000EB4410006920F0C04105F52E
:10853000106000EB4410016105F5106000EB441081
:10854000006900E099E04FF0C04101EA477108433B
:1085500005F5106101EB4411086105F5106000EBB1
:10856000441000693169C1F31201084305F5106137
:1085700001EB44110861B8F1010F36D1F06928B15F
:1085800005F5106000EB4410F16941613079012874
:108590001ED140F60800405900F4807060B905F51E
:1085A000106000EB4410006840F0005105F51060C9
:1085B00000EB441001600BE005F5106000EB441087
:1085C000006840F0805105F5106000EB4410016038
:1085D00005F5106000EB4410006840F0044105F51B
:1085E000106000EB44100160FEE005F5106000EB48
:1085F0004410006840F0044105F5106000EB4410A1
:108600000160307901280FD030690028ECD040F6A5
:1086100034004059317801F00F02012191400843A4
:1086200040F634014851DFE040F60800405900F4BC
:10863000807060B905F5106000EB4410006840F0F0
:10864000005105F5106000EB441001600BE005F5EA
:10865000106000EB4410006840F0805105F5106098
:1086600000EB44100160CDF80080308A83B232788C
:108670004846F16800F0DAFAB6E005F5306000EB44
:1086800044100069C10CC90405F5306000EB4410CA
:10869000016105F5306000EB441000695449084061
:1086A00005F5306101EB4411086104BB306908B184
:1086B000B0683061B068306205F5306000EB44109E
:1086C0000069316AC1F31201084305F5306101EB1D
:1086D0004411086105F5306000EB4410006940F476
:1086E000002105F5306000EB4410016143E0306982
:1086F000D0B905F5306000EB44100069B168C1F3F2
:108700001201084305F5306101EB4411086105F5DC
:10871000306000EB4410006940F4002105F5306042
:1087200000EB4410016126E0B16830690844401E46
:10873000B0FBF1F087B2B0687843306205F5306085
:1087400000EB441000692A49C94301EAC7410843C4
:1087500005F5306101EB4411086105F5306000EB6F
:1087600044100069316AC1F31201084305F5306114
:1087700001EB44110861B8F1010F07D1F06828B18D
:1087800005F5306000EB4410F16841613079012853
:108790001ED140F60800405900F4807060B905F51C
:1087A000306000EB4410006840F0005105F5306087
:1087B00000EB441001600BE005F5306000EB441065
:1087C000006840F0805105F5306000EB4410016016
:1087D00005F5306000EB4410006840F0044105F5F9
:1087E000306000EB441001600020BDE8F883000019
:1087F000FFFF07E078B503460024009400201A46E6
:108800004C78012C35D10C7802F5106505EB441439
:10881000246804F00044B4F1004F60D10C7805EBFB
:108820004414246844F000660C7805EB4414266078
:108830000C7805EB4414246844F080460C7805EB72
:108840004414266000BF009C641C009442F2107522
:10885000009CAC4201D901200AE00C7802F51065B9
:1088600005EB4414246804F00044B4F1004FEAD04E
:1088700035E00C7802F5306505EB4414246804F00B
:108880000044B4F1004F2AD10C7805EB441424685D
:1088900044F000660C7805EB441426600C7805EB78
:1088A0004414246844F080460C7805EB4414266098
:1088B00000BF009C641C009442F21075009CAC4206
:1088C00001D901200AE00C7802F5306505EB44146B
:1088D000246804F00044B4F1004FEAD000BF78BD32
:1088E0000146886840F0010088600020704708B5A4
:1088F00001460020009000BF0098401C00900098A6
:10890000B0F1706F01D9032008BD086900F0004084
:108910000028F1D0002000901020086100BF0098CE
:10892000401C00900098B0F1706F01D90320EBE774
:10893000086900F010001028F1D00020E4E708B525
:1089400002460020009000BF0098401C0090009854
:10895000B0F1706F01D9032008BD106900F000402C
:108960000028F1D000200090202040EA8110106102
:1089700000BF0098401C00900098B0F1706F01D9C2
:108980000320E9E7106900F020002028F1D0002042
:10899000E2E710B501460B4640F60804E45804F03F
:1089A00006020AB9002006E0022A01D0062A01D1F7
:1089B000022000E00F2010BD0146486900F00100D0
:1089C000704701460B4640F61800C258001DC058BB
:1089D000024090B2704701460B4640F61800C2585C
:1089E000001DC0580240100C704770B50246134677
:1089F0004FF40166F45840F63406F55801F00F06BE
:108A000025FA06F606F0010644EAC61403F51066D8
:108A100006EB4116B66806EA040070BD10B50246C2
:108A2000134603F5306404EB4114A06840F61404C7
:108A3000E458204010BD014648698A6910407047DB
:108A40002DE9F04104460D46274628464FEA920C90
:108A500002F0030300210AE04FF4805858F8078021
:108A6000C0F80080401C401C401C401C491C614553
:108A7000F2D39BB100214FF4805858F8076000BF33
:108A80004FEAC10826FA08F880F80080491C401C0B
:108A9000A3F101081FFA88F3002BF1D1BDE8F081A2
:108AA00070B504460E460025E06820F0C040E06046
:108AB000012E10D1E06840F00050E06000BF0A20B5
:108AC000F9F79CF90A352046FFF776FF012815D003
:108AD000C82DF4D312E07EB9E06840F08040E06039
:108AE00000BF0A20F9F78AF90A352046FFF764FF2C
:108AF00020B1C82DF5D301E0012070BDC82D01D1F2
:108B00000120FAE70020F8E710B502460B461146AF
:108B1000D1F8000820F4FE60C1F80008D1F8000880
:108B20004FF4FE6404EA03142043C1F80008002057
:108B300010BD02461346D3F800080843C3F80008E6
:108B40000020704730B503461446022C49D12D4809
:108B5000814204D32C48814201D20F2245E02A48A9
:108B6000814204D32948814201D20E223DE02748A8
:108B7000814204D32648814201D20D2235E02448A7
:108B8000814204D32348814201D20C222DE02148A6
:108B9000814204D32048814201D20B2225E01E48A5
:108BA000814204D31D48814201D20A221DE01B48A4
:108BB000814204D31A48814201D2092215E01848A3
:108BC000814204D31748814201D208220DE01548A2
:108BD000814204D31448814201D2072205E00622D3
:108BE00003E00CB9092200E00922D86820F4705093
:108BF000D860D8684FF4705505EA82252843D860BC
:108C0000002030BDC0ACD800C0E1E4000024F40076
:108C100080730601A0491A01002D310140A44C01C6
:108C200000366E0120ABA6010048E8012DE9F043B3
:108C300004460D461E46DDF81CC0A0462946BCF180
:108C4000000F12D1F01C870800230CE0D1F800902F
:108C500008F5805000EB0230C0F80090491C491C18
:108C6000491C491C5B1CBB42F0D30020BDE8F083CB
:108C700000BFFEE702480068C0F302207047000012
:108C80000CED00E010B5002804DB0A07130E054ABE
:108C9000135406E00A07140E034A00F00F031B1FCB
:108CA000D45410BD00E400E018ED00E010B500BFA2
:108CB000012000F0B7F9FBE700B58BB00120099067
:108CC000002007900120089000200190029003905E
:108CD00004900690059001A90C48F8F789F90B4813
:108CE000F8F72BFE02210948F8F7C8F80E200A9081
:108CF000069001A90648F8F77BF90548F8F71DFE2C
:108D000002210348F8F7BAF80BB000BD3004002088
:108D10005804002010B50021214800F0A3F80221DA
:108D20001F48D43000F09EF804211E4800F09AF845
:108D300006211C48D43000F095F801211A4800F0B3
:108D400091F803211848D43000F08CF80521174819
:108D500000F088F807211548D43000F083F800218E
:108D6000042000F0E7F80221042000F0E3F80421D9
:108D7000084600F0DFF80621042000F0DBF80121AE
:108D8000042000F0D7F80321042000F0D3F80521D7
:108D9000042000F0CFF80721042000F0CBF810BD2C
:108DA000FC870020A48900204C8B0020F48C00203C
:108DB000C82000F0B5FD13E000F038FE00F086FC9E
:108DC00000F08EFC00F087FC00F0E0F8D4220549AA
:108DD0000548F7F7DFFB01F05FF8012000F0A0FD88
:108DE000EAE70000D08800202887002010B500BFE7
:108DF000012000F017F9FBE7F9F736F9FCF7F8FE68
:108E0000FBF7B8FFFBF7F2FEFBF794FEFBF7B8FEAB
:108E1000FCF7C8F8FCF7B8F9FCF708FAFCF7DEFA3B
:108E2000FCF7FAFAFCF772F9FCF7E0F8FBF74AFEF8
:108E3000FBF7CCFEFCF7A6F8FCF70EF9FCF758FAA6
:108E4000FCF7B0FAFFF738FFFBF72CFF00F0F6F85D
:108E500000BFFEE701460020842901D0CA1C10444F
:108E60007047000070B504460D46FCF743FBC4F89C
:108E70009800D4F8980000B970BDD4F89800FCF7B9
:108E8000DFFB2570042060700020A07060602081EE
:108E90006081C4F88400C4F88800A4F88C00C4F889
:108EA0009000C4F894009FED220A84ED270A28461A
:108EB00005EBD0714910A5EB410191B19FED1C3A32
:108EC000DFED1B2A9FED1A2ADFED191A9FED181A04
:108ED000DFED170AB7EE000A04F1480000F0E2F8EF
:108EE00023E09FED133ADFED122A9FED112ADFED0B
:108EF000101A9FED0F1ADFED0E0AB7EE000A04F10B
:108F00000C0000F0CFF89FED0A3ADFED092A9FED43
:108F1000082ADFED071A9FED061ADFED050AB7EE06
:108F2000000A04F1480000F0BDF800BFA4E700000B
:108F30000000000013B582B00C46012002AB0022F5
:108F400046F2600100902046FCF716FE04B010BD0A
:108F500010B504460323002246F263012046FCF7C5
:108F60007AFD10BD10B504460223002246F27801B6
:108F70002046FCF770FD10BD10B504460323002207
:108F800046F26C012046FCF766FD10BD70B5002569
:108F900042E035216943224A02EB81010022D1F8E7
:108FA000980046F26301FCF7E8FA04463CB135202C
:108FB00068431B4901EB8000616809684160352105
:108FC0006943174A02EB81010022D1F8980046F26A
:108FD0006C01FCF7D2FA04463CB1352068431049D5
:108FE00001EB8000616809880181352169430C4AE1
:108FF00002EB81010022D1F8980046F27801FCF7DB
:10900000BCFA04463CB135206843054901EB8000B9
:109010006168098841816D1C082DBADB70BD0000B4
:10902000FC87002070B5044625460DB1294600E0B6
:109030000121084600F074FC002070BD10B500F05E
:109040009DFC002010BD7FB504460D46606998B1B7
:10905000A06988B1B4F90800FFF7FCFE0646D4E920
:109060000510CDE9006102902B462269D4E9001079
:1090700000F010FE039013E0B4F90800FFF7EAFED9
:10908000064603A8CDE90060238A9AB22B46D4E9AC
:10909000001000F0CDFD012802D0002004B070BD0A
:1090A0000398FBE780ED060AC0ED070A80ED081A79
:1090B000C0ED0A1A80ED0B2AC0ED0C2A80ED0D3AA6
:1090C000704700002DE9F04105460E461F4807682D
:1090D00000201F49096881F852001D480068001DE2
:1090E00000F01AFB50B91A48006890F82C100120C3
:1090F000884018490968814316480160681C38B9DE
:1091000036B113480168091D134800F04FFB1AE0FF
:109110007C190F4800684460BC4207D20C480168C3
:10912000091D0E48006800F027FB0CE008480168A4
:10913000091D0B48006800F01FFB0A4800688442C4
:1091400001D208480460BDE8F0810000B0000020B2
:109150009C000020B400002014270020A400002060
:10916000A0000020CC00002010B5044600F02AFB2F
:1091700023480068401C224908602248006840B922
:10918000204804600846006801280DD100F040F92D
:109190000AE01D48006838B91A480068C06AE16AE8
:1091A000884201D81748046018480068401C1749D5
:1091B000086094F82C10012088401549096808437C
:1091C00013490860E16A01EB8101124A02EB810058
:1091D000211D00F0EBFA00F01FFB0B48006868B19E
:1091E00008480068C06AE16A884207D24FF08050A0
:1091F00009490860BFF34F8FBFF36F8F10BD0000A8
:10920000AC0000209C000020B8000020C800002016
:10921000B40000203826002004ED00E010B516E070
:1092200000F0D0FA0C48C068C468201D00F074FA41
:109230000A480068401E0949086009480068401E45
:109240000749086000F0E8FA204600F00BF80448EF
:1092500000680028E4D110BD00270020AC000020E9
:10926000A800002010B5044694F8510030B9206BD6
:1092700000F0F0FA204600F0EDFA1AE094F8510000
:10928000012803D1204600F0E5FA12E094F85100DD
:10929000022801D1012000E0002050B900BF502079
:1092A00080F31188BFF34F8FBFF36F8F00BF00BFF4
:1092B000FEE710BD30B54FF4C043174800F0070477
:1092C0002CB1C01D20F00700134C041B1B1B0246D1
:1092D000124C22600024114D6C60D018083820F028
:1092E00007000F4C206000240D4D2D686C600C4D64
:1092F0002D682C601146441A4C60094C24680C609F
:10930000084D4C682C60084D4C682C604FF00044B0
:10931000064D2C6030BD000028270020D80000201A
:10932000E0000020E8000020E4000020F40000201D
:1093300000BFFFF773FF064800680128F9D94FF016
:10934000805004490860BFF34F8FBFF36F8FF0E781
:109350003826002004ED00E02DE9FF5F81460E462F
:109360009246DDE90E7B109CAAF10100216B01EB16
:10937000800828F0070808F0070008B9012000E07D
:10938000002050B900BF502080F31188BFF34F8FE9
:10939000BFF36F8F00BF00BFFEE786B1002507E077
:1093A000715D04F134004155705D00B902E06D1C3F
:1093B000102DF5D300BF00214320015502E000200D
:1093C00084F83400072F00D30627E7626764002083
:1093D000A064201D00F0CDF904F1180000F0C9F9D7
:1093E0002461C7F10700A06164620020E06484F892
:1093F000500084F8520049464046039A00F050F964
:109400002060BBF1000F01D0CBF80040BDE8FF9F0A
:1094100010B5002407E004EB84010F4A02EB810041
:1094200000F09AF9641C072CF5D30C4800F094F96D
:109430000B4800F091F90B4800F08EF90A4800F053
:109440008BF90A4800F088F9044809490860044883
:109450000849086010BD000038260020C4260020FE
:10946000D8260020EC26002000270020142700200A
:10947000A0000020A400002010B50146164800E01E
:10948000006803688B42FBD30246436813448B4257
:1094900004D143684C682344436001460A464B6844
:1094A00013440468A34211D10C4C03682468A342FE
:1094B00008D04B680468646823444B6003681B68E9
:1094C0000B6005E0054B1B680B6001E003680B6057
:1094D000884200D0016010BDD8000020E0000020CC
:1094E0000A490968096809B9012100E0002121B190
:1094F0004FF0FF31064A116006E004490968C96867
:10950000C868034A4168116070470000A00000204D
:10951000CC0000200E480068401C08B9012000E083
:10952000002050B900BF502080F31188BFF34F8F47
:10953000BFF36F8F00BF00BFFEE700BF502080F376
:109540001188BFF34F8FBFF36F8F00BF00BFFEE7DF
:10955000F80000202DE9F04104464FF0000800F02B
:1095600065FA4948006808B9FFF7A4FE4748006853
:109570002040002870D1D4B1083404F00700B0B105
:1095800004F00700C0F10800044404F0070008B923
:10959000012000E0002050B900BF502080F3118866
:1095A000BFF34F8FBFF36F8F00BF00BFFEE7002CEC
:1095B00052D03748006884424ED8364E304605684F
:1095C00001E02E462D686868A04202D22868002873
:1095D000F7D12D48006885423ED0306800F1080878
:1095E000286830606868001B102819D92F1907F007
:1095F000070008B9012000E0002050B900BF50204A
:1096000080F31188BFF34F8FBFF36F8F00BF00BF90
:10961000FEE76868001B78606C603846FFF72CFF37
:109620001B4968680968081A1949086008460068F3
:1096300019490968884203D215480068164908602C
:109640001249686809680843686000202860134868
:109650000068401C1149086000F01EFC08F007007B
:1096600008B9012000E0002050B900BF502080F36D
:109670001188BFF34F8FBFF36F8F00BF00BFFEE7AE
:109680004046BDE8F0810000E0000020F40000202A
:10969000E4000020D8000020E8000020EC000020BA
:1096A000001F4FF080730360001F21F0010303606F
:1096B000001F054B036014380260001F6FF00203A7
:1096C00003602038704700001595000810B5012090
:1096D000FFF73EFC10BD10B50120FFF743FC10BDA5
:1096E00010B50120FFF748FC10BDFFF713FBC820A1
:1096F00000F016F906E000F099F900F0CDFB01202A
:1097000000F00EF9F7E706E000F090F900F0C4FB76
:10971000012000F005F9F7E701460A69D1E90130B7
:109720009860D1E9010358605068884201D1886887
:109730005060002008611068401E1060106870477B
:10974000034B0360034B0B608023136070470000E2
:1097500094010020E801002000F1080141604FF071
:10976000FF31816000F10801C160016100210160E9
:10977000704700210161704710B502460B685C1C00
:109780000CB9106907E002F1080000E04068446885
:1097900024689C42FAD944684C604C68A160886097
:1097A00041600A611468641C146010BD42684A601C
:1097B00093688B60936859609160086103685B1CD3
:1097C0000360704700BF502080F31188BFF34F8FB4
:1097D000BFF36F8F00BF0E480068401C0C49086043
:1097E00008460068012812D10A480068C0B208B9CA
:1097F000012000E0002050B900BF502080F3118804
:10980000BFF34F8FBFF36F8F00BF00BFFEE77047FE
:10981000F800002004ED00E00D48006850B900BFDA
:10982000502080F31188BFF34F8FBFF36F8F00BFBD
:1098300000BFFEE706480068401E0549086008466C
:10984000006820B9002080F3118800BF00BF704776
:10985000F800002070B506463546002E44D0083D7D
:109860002C46224960680968084008B1012000E0E0
:10987000002050B900BF502080F31188BFF34F8FF4
:10988000BFF36F8F00BF00BFFEE7206808B901205B
:1098900000E0002050B900BF502080F31188BFF3D2
:1098A0004F8FBFF36F8F00BF00BFFEE70F496068A7
:1098B00009680840C0B12068B0B90C4960680968FF
:1098C0008843606000F0B2F809496068096808449C
:1098D000074908602046FFF7CFFD06480068401C96
:1098E0000449086000F0D8FA70BD0000F4000020C0
:1098F000E4000020F000002000204FF0E02108618B
:109900008861064800684FF47A71B0FBF1F0401EA0
:109910004FF0E0214861072008617047980000205F
:1099200070B504460025D4B11248006808B901207A
:1099300000E0002050B900BF502080F31188BFF331
:109940004F8FBFF36F8F00BF00BFFEE700F06EF8D0
:1099500000212046FFF7B6FB00F09EFA05463DB910
:109960004FF0805004490860BFF34F8FBFF36F8FF3
:1099700070BD0000D400002004ED00E010B586B0FA
:1099800000200590049003AA04A905A8FFF7D8FEBB
:109990000022DDE904101346CDE9002102901CA14C
:1099A0001D48039A00F076F91C49086008460068D3
:1099B00008B1012400E00024012C15D100BF502083
:1099C00080F31188BFF34F8FBFF36F8F00BF4FF04D
:1099D000FF30134908600120124908600020124935
:1099E000086000F071F810E0601C08B1012000E090
:1099F000002050B900BF502080F31188BFF34F8F73
:109A0000BFF36F8F00BF00BFFEE706B010BD0000C0
:109A100049444C450000000031930008D00000206C
:109A2000CC000020B8000020B000002002480068F0
:109A3000401C014908607047D40000201D480068A0
:109A400018B101201C49086032E000201A49086062
:109A50001A480068B0FA80F0C0F11F0101EB8100E4
:109A6000174A52F8200008B1012000E0002050B948
:109A700000BF502080F31188BFF34F8FBFF36F8F6B
:109A800000BF00BFFEE701EB81020D4B03EB82003C
:109A900042685268426000F108024368934202D172
:109AA0004268526842604268D268064B1A6000BF42
:109AB00070470000D4000020C0000020B400002047
:109AC000382600209C0000201CB5524800685249EE
:109AD000884201D0012000E0002050B900BF502092
:109AE00080F31188BFF34F8FBFF36F8F00BF00BFAC
:109AF000FEE7484800684849491E884201D00120D5
:109B000000E0002050B900BF502080F31188BFF35F
:109B10004F8FBFF36F8F00BF00BFFEE73F4908467E
:109B200000780190FF200A461070084600780090E7
:109B30009DF8000000F0F0009DF80020904201D157
:109B4000012000E0002050B900BF502080F31188B0
:109B5000BFF34F8FBFF36F8F00BF00BFFEE79DF8CD
:109B6000000000F050002E4A107007202D4A1060AF
:109B700009E02C480068401E2A4A10609DF8000049
:109B80004006000E00909DF8000000F08000802844
:109B9000EFD024480068C0F10700042801D101205B
:109BA00000E0002050B900BF502080F31188BFF3BF
:109BB0004F8FBFF36F8F00BF00BFFEE719480068EB
:109BC0000002184A10601046008800F4E06010603F
:109BD000124A019810700F482030006840F470005D
:109BE0000C49203108600846006840F07040086069
:109BF000FFF782FE00200C490860F6F75DFB0B487A
:109C0000006840F0404009490860F6F741FB002039
:109C10001CBD000000ED00E071C20F4100E400E057
:109C2000FC00002000010020F800002034EF00E0DC
:109C30002DE9FF4F85B0804689461746DDE912AB16
:109C4000B800FFF787FC064656B15420FFF782FCA8
:109C500004460CB1266304E03046FFF7FBFD00E04C
:109C600000248CB1002084F85100CDE900ABCDE98F
:109C700002403A4649464046089BFFF76DFB2046A6
:109C8000FFF772FA012501E04FF0FF35284609B0D1
:109C9000BDE8F08F2DE9F04F85B007468846914624
:109CA0009A46DDE90EB6109C0EB1012000E00020BE
:109CB00050B900BF502080F31188BFF34F8FBFF31E
:109CC0006F8F00BF00BFFEE70CB1012000E0002055
:109CD00050B900BF502080F31188BFF34F8FBFF3FE
:109CE0006F8F00BF00BFFEE75420039003985428F5
:109CF00001D1012000E0002050B900BF502080F3C6
:109D00001188BFF34F8FBFF36F8F00BF00BFFEE717
:109D100000BFB4B1AEB125462C462E63022085F8B3
:109D20005100002004A953464A46CDE900B1CDE9CF
:109D3000025041463846FFF70FFB2846FFF714FA5A
:109D400001E000200490049805B0BDE8F08F000009
:109D50002DE9F0414FF000084448006800287CD10C
:109D600043480068451C4248056015BB41480068EF
:109D7000006808B9012000E0002050B900BF502061
:109D800080F31188BFF34F8FBFF36F8F00BF00BF09
:109D9000FEE73848076838480068364908603648A2
:109DA000076036480068401C34490860FFF798FB9C
:109DB00000BF3348006885423CD300BF2D4800688F
:109DC000006808B9012000E0002020B14FF0FF300A
:109DD0002B4908602DE027480068C068C4686668A1
:109DE000B54202D22648066023E0201DFFF794FC0E
:109DF000A06A18B104F11800FFF78EFC94F82C103B
:109E0000012088401F49096808431E490860E16A2B
:109E100001EB81011C4A02EB8100211DFFF7C6FC0A
:109E20001A49E06A0968C96A8842C7D34FF0010835
:109E3000C4E700BF15480068C06A00EB8000124903
:109E400051F82000012801D94FF00108104800689E
:109E500008B14FF0010805E0FFE70E480068401C1C
:109E60000C4908604046BDE8F0810000D4000020A5
:109E7000B0000020A0000020A4000020C4000020AA
:109E8000CC000020B4000020382600209C000020D8
:109E9000C0000020BC00002070B500240026364819
:109EA000006850B900BF502080F31188BFF34F8F76
:109EB000BFF36F8F00BF00BFFEE7FFF783FC2E48A4
:109EC0000068401E2C4908600846006800284FD1F1
:109ED0002A48006800284BD024E02948C068C4689C
:109EE00004F11800FFF718FC201DFFF715FC94F88B
:109EF0002C10012088402349096808432149086043
:109F0000E16A01EB8101204A02EB8100211DFFF78C
:109F10004DFC1E49E06A0968C96A884202D30120E3
:109F20001B4908601648006808B9012000E00020BD
:109F30000028D2D00CB1FFF7D3FA1648056865B1F6
:109F400000BFFFF705FF10B10120114908606D1E29
:109F5000002DF6D100200F4908600D48006838B187
:109F6000012630070C490860BFF34F8FBFF36F8F96
:109F7000FFF752FC304670BDD4000020AC0000203A
:109F8000EC260020B4000020382600209C00002091
:109F9000C0000020BC00002004ED00E04FF0407045
:109FA000E1EE100A70470000E0A00008AF5B000877
:109FB0000000000000000000800000000000000021
:109FC000000000009CA00008AD8C0008000000000C
:109FD000000000000002000000000000000000007F
:109FE000ECA00008794A0008FDFF00000000000016
:109FF000000200000000000000000000D4A00008E3
:10A00000ED8D0008FDFF0000000000008000000052
:10A010000000000000000000C0A00008EB9600084F
:10A0200003000000000000008000000000000000AD
:10A0300000000000ACA00008079700080300000023
:10A040000000000080000000000000000000000090
:10A050008CA00008B18D0008000000000000000086
:10A060008000000000000000000000000006101644
:10A0700000061016000000000000000001020304AA
:10A08000060708090000000001020304646174610E
:10A090005570646174655461736B000043616C6951
:10A0A00062726174655461736B0000007472617652
:10A0B000656C6C696E674374726C5461736B0000FD
:10A0C0007374656572696E674374726C5461736B07
:10A0D000000000006465746563745461736B000074
:10A0E00064656661756C745461736B00696D755459
:10A0F00061736B0014A100080000002094010000AF
:10A10000C4010008D4A10008940100206CCD000017
:10A11000200200080128130D6C1B0855041A650461
:10A120001A91041AD10413D96B1B081D08131201CC
:10A130001402020216408304405726020102030162
:10A14000071A040309041A0313710A1B086D041A81
:10A1500029041A95041AB104413210193F21035DF4
:10A1600024F41AAA01C1130A0632022A407C1319E8
:10A1700067140815654C086369941AE90C130D649B
:10A180001B08CB04C1138D661B0849041AD5041A99
:10A190003904140902431302011DC0320904C51A0F
:10A1A000020B1305241610010524011009010424D3
:10A1B0000202052406170107058203081510090489
:10A1C0000133020A2E0705010240072A8107248174
:04A1D0000182000008
:040000050800018965
:00000001FF
